<?xml version="1.0" encoding="UTF-8" standalone="yes"?>
<sources>
	<source sourceId="ARROW">
		<tables>
			<table sourcename="LNCMNT" targetname="LN_CMNTS" srcKey="LOANNO" trgKey="FNM_LN_ID" 
					fromClause="FROM SRC_SCHEMA.LNCMNT WHERE (TRIM(LOANCMTNAMECOMMENT1) IS NOT NULL OR TRIM(LOANCMTNAMECOMMENT2) IS NOT NULL OR TRIM(LOANCMTNAMECOMMENT3) IS NOT NULL)"/>
					
			<table sourcename="CHARGEOFFGAINLOSS" targetname="LN_CHRG_OFF" srcKey="LOANNO" trgKey="FNM_LN_ID" 
					fromClause="FROM(SELECT LOANNO,ACTLTOTALGNLOSS AS ACTLTOTALGNLOSS FROM SRC_SCHEMA.CHARGEOFFGAINLOSS)" />
					
			<table sourcename="DAILYBALANCE" targetname="LN_GL_DAILY_BAL" srcKey="LOANNO" trgKey="FNM_LN_ID" />
					
			<table sourcename="RECEIPT" targetname="FNM_ACTG_PRCD" srcKey="LOANNO" trgKey="FNM_LN_ID" />
			
			<table sourcename="LNCMNT" targetname="LN_CMNTS_FILTR" srcKey="LOANNO" trgKey="FNM_LN_ID" 
      			   selectClause = "SELECT REGEXP_REPLACE(TRIM(TEXT),'^.*AMOUNT\s?AVAILABLE\s?TO\s?PAY\s?571\s?.*?\s\$?(\d*.?\d?\d?).*$','\1') FROM
(SELECT translate((COALESCE(LOANCMTNAMECOMMENT1, ' ') ||' '|| COALESCE(LOANCMTNAMECOMMENT2, ' ') ||' '|| COALESCE(LOANCMTNAMECOMMENT3, ' ')), chr(10)||chr(13), ' ') AS TEXT
FROM fpw.LNCMNT WHERE LOANNO = '1694205523') WHERE TEXT LIKE '%AVAILABLE TO PAY 571%'"/>
<!-- fromClause = "SELECT REGEXP_REPLACE(TRIM(TEXT),'^.*AMOUNT\s?AVAILABLE\s?TO\s?PAY\s?571\s?.*?\s\$?(\d*.?\d?\d?).*$','\1') FROM
(SELECT translate((COALESCE(LOANCMTNAMECOMMENT1, ' ') ||' '|| COALESCE(LOANCMTNAMECOMMENT2, ' ') ||' '|| COALESCE(LOANCMTNAMECOMMENT3, ' ')), chr(10)||chr(13), ' ') AS TEXT
     FROM fpw.LNCMNT 
     WHERE LOANNO = '1694205523')
WHERE TEXT LIKE '%AVAILABLE TO PAY 571%'"
 -->
		</tables>
	</source>

	<source sourceId="CDM">
		<tables>
			<table sourcename="REF_SELR_SRVR" targetname="PRTY_SELR_SRVR_REF" srcKey="SELR_SRVR_ID" trgKey="PRTY_SELR_SRVR_NO" />
		</tables>
	</source>
	
	<source sourceId="LMV">
		<tables>
			<table sourcename="BPO_CORE_VALU" targetname="PROP_VALU" 
			        fromClause=""/>
					
			<table sourcename="BPO_CTL" targetname="PROP_VALU" 
					fromClause="" />
					
			<table sourcename="BPO_VALU" targetname="PROP_VALU" 
					fromClause="" />
		</tables>
	</source>
	
	<source sourceId="DARTS">
		<tables>
		    <table sourcename="LN_DLQY_HIST" targetname="LN_DLQY" srcKey="FN_MAE_LN_ID" trgKey="FNM_LN_ID" />
			
			<table sourcename="DEED_IN_LIEU" targetname="LN_LMTGN_CASE" srcKey="FN_MAE_LN_ID" trgKey="FNM_LN_ID"
					fromClause="FROM(SELECT LOC.FN_MAE_LN_ID,
                               LOC.LO_CASE_OID,
                               LOC.STAT_CD,CURR_UPB_AMT,
                               LOC.WRKOUT_TYP_CD,
                               LOC.STAT_DT,
                               DIL.CASH_FOR_KEYS_AMT,
                               DIL.PROP_CVYN_NGTD_OTHR_LR_AMT 
                         FROM (SELECT FN_MAE_LN_ID,
                                      LO_CASE_OID,
                                      STAT_CD,
                                      CURR_UPB_AMT,
                                      WRKOUT_TYP_CD,
                                      STAT_DT,
                                row_number() over (partition by FN_MAE_LN_ID order by LO_CASE_OID desc) as rnk FROM clm.LO_CASE ) LOC 
                         LEFT OUTER JOIN clm.DEED_IN_LIEU DIL ON LOC.LO_CASE_OID = DIL.LO_CASE_OID WHERE  LOC.RNK = 1)" />"/>
			
			<table sourcename="LO_CASE" targetname="LN_LMTGN_CASE" srcKey="FN_MAE_LN_ID" trgKey="FNM_LN_ID"
					fromClause="FROM(SELECT LOC.FN_MAE_LN_ID,
                               LOC.LO_CASE_OID,
                               LOC.STAT_CD,CURR_UPB_AMT,
                               LOC.WRKOUT_TYP_CD,
                               LOC.STAT_DT,
                               DIL.CASH_FOR_KEYS_AMT,
                               DIL.PROP_CVYN_NGTD_OTHR_LR_AMT 
                         FROM (SELECT FN_MAE_LN_ID,
                                      LO_CASE_OID,
                                      STAT_CD,
                                      CURR_UPB_AMT,
                                      WRKOUT_TYP_CD,
                                      STAT_DT,
                                row_number() over (partition by FN_MAE_LN_ID order by LO_CASE_OID desc) as rnk FROM clm.LO_CASE ) LOC 
                         LEFT OUTER JOIN clm.DEED_IN_LIEU DIL ON LOC.LO_CASE_OID = DIL.LO_CASE_OID WHERE  LOC.RNK = 1)" />
					
			
			
			<table sourcename="HIST_EVNT" targetname="LN_LMTGN_EVNT_CHG_HIST" srcKey="FN_MAE_LN_ID" trgKey="FNM_LN_ID"
					fromClause="FROM(
									SELECT 
									HE.FN_MAE_LN_ID,
									HE.CREATD_DT,
									HE.EVNT_DESC,
									HE.EVNT_TYP_CD,
									HE.LO_CASE_OID                                               
									FROM clm.HIST_EVNT HE LEFT OUTER JOIN clm.LO_CASE LC ON HE.LO_CASE_OID = LC.LO_CASE_OID 
									WHERE HE.LO_CASE_OID IS NOT NULL)" />
			
			<table sourcename="LO_CASE" targetname="LN_LMTGN_EVNT_CHG_HIST" srcKey="FN_MAE_LN_ID" trgKey="FNM_LN_ID"
					fromClause="FROM(
									SELECT 
									LC.FN_MAE_LN_ID                                            
									FROM clm.HIST_EVNT HE LEFT OUTER JOIN clm.LO_CASE LC ON HE.LO_CASE_OID = LC.LO_CASE_OID 
									WHERE HE.LO_CASE_OID IS NOT NULL)" />
			
			
			<table sourcename="PREFCL_SALE_ASUMPTN_BID" targetname="LN_WRKOT_SLE_INFO" srcKey="LO_CASE_OID" trgKey="LMTGN_CASE_ID"
					fromClause="FROM 	
								(SELECT
									PSAB.LO_CASE_OID,
								    PSAB.OFR_TYP_CD,
								    PSAB.NET_SALE_PRCDS_RCVD_AMT,
								    PSAB.SALE_PRC,
								    PSAB.TOT_SETLMT_CHRG_AMT
								  FROM SRC_SCHEMA.PREFCL_SALE_ASUMPTN_BID PSAB 
								  LEFT OUTER JOIN SRC_SCHEMA.LO_CASE LC ON  PSAB.LO_CASE_OID = LC.LO_CASE_OID)" />
			
		    <table sourcename="LO_CASE" targetname="LN_WRKOT_SLE_INFO" srcKey="LO_CASE_OID" trgKey="LMTGN_CASE_ID"
					fromClause="FROM
								(SELECT
								LC.FN_MAE_LN_ID,
								LC.LO_CASE_OID
								FROM SRC_SCHEMA.PREFCL_SALE_ASUMPTN_BID PSAB 
								LEFT OUTER JOIN SRC_SCHEMA.LO_CASE LC ON  PSAB.LO_CASE_OID = LC.LO_CASE_OID)" />
			
		</tables>
	</source>
	
	<source sourceId="IHDS">
		<tables>	
			<table sourcename="CLAIMCOMMENTSCHRONOLOGYINFO" targetname="PROP_EXP_CLM_CMNTS_CHRNY" srcKey="ClaimHeaderInfoID" trgKey="PROP_EXP_CLM_ID"
					fromClause="FROM(SELECT
									    UserNM,
									    bkfs_CreatedDTTM,
									    StatusDSC,
									    ClaimHeaderInfoID
									FROM SRC_SCHEMA.CLAIMCOMMENTSCHRONOLOGYINFO CCCI 
									WHERE CCCI.REC_EFF_END_DT='31-DEC-9999') " />
					
			<table sourcename="CLAIMEXCEPTIONINFO" targetname="PROP_EXP_CLM_EXCP" srcKey="ClaimExceptionInfoID" trgKey="SRC_CLAIM_EXCP_INFO_ID"
					fromClause="FROM(SELECT 
								        ClaimExceptionInfoID,
								        StatusDSC,
								        ExceptionTypeTXT,
								        OverrideCommentTxt,
								        OtherCommentTXT,
								        DateClearedDTTM,
								        bkfs_CreatedDTTM,
								        ClaimLineItemInfoID,
								        ClaimHeaderInfoID 
								     FROM SRC_SCHEMA.CLAIMEXCEPTIONINFO CEI 
								     WHERE CEI.REC_EFF_END_DT='31-DEC-9999' 
								     AND CEI.REC_STAT_CD = 'A') " />
					
			<table sourcename="INVESTORVENDORGROUPINFO" targetname="PRTY_VNDR_GRP" srcKey="InvestorVendorGroupID" trgKey="PRTY_VNDR_GRP_ID" 
					fromClause="FROM(SELECT
									    InvestorVendorGroupID,
									    InvestorVendorGroupDSC,
									    ActiveIND
									FROM SRC_SCHEMA.InvestorVendorGroupInfo 
									WHERE REC_EFF_END_DT='31-DEC-9999')" />		
		</tables>
	</source>	
	
	<source sourceId="eBoutique">
		<tables>
			<table sourcename="EB_T_LN_TRAN" targetname="LN_REV_MTG_TRAN" srcKey="FNM_LN_NO" trgKey="FNM_LN_ID"
					fromClause="FROM(SELECT
								        LN.FNM_LN_NO,
								        TRAN_EFF_DT,
								        ACTN_CD
								    FROM SRC_SCHEMA.EB_T_LN_TRAN LT 
								    INNER JOIN SRC_SCHEMA.EB_T_LOAN LN ON LT.LN_ID = LN.LN_ID)" />
			
			<table sourcename="EB_T_LOAN" targetname="LN_REV_MTG_TRAN" srcKey="FNM_LN_NO" trgKey="FNM_LN_ID"
					fromClause="FROM(SELECT
								        LN.FNM_LN_NO,
								    FROM SRC_SCHEMA.EB_T_LN_TRAN LT 
								    INNER JOIN SRC_SCHEMA.EB_T_LOAN LN ON LT.LN_ID = LN.LN_ID)"/>	
					
			<table sourcename="EB_T_MAX_CLM_AMT_LKUP" targetname="GEO_LOCN_MAX_CLM_AMT_LKUP" srcKey="PROP_ST_CD" trgKey="PROP_STDZ_ADR_ST_CD" />
									
		</tables>
	
	</source>
	<source sourceId="EDI">
		<tables>
			<table sourcename="LN_BRWR_BNKR_CASE_EOD_VW3" targetname="BRWR_BNKR_INFO" srcKey="FNM_LN_ID" trgKey="FNM_LN_ID" />
			
			<table sourcename="LN_REVW_EOD_VW3" targetname="LN_REVW" srcKey="FNM_LN_ID" trgKey="FNM_LN_ID" />
			
			<table sourcename="LN_SPCL_FEAT_EOD_VW3" targetname="LN_SPCL_FEAT" srcKey="FNM_LN_ID" trgKey="FNM_LN_ID" />
		</tables>
	</source>

	<source sourceId="OASIS">
		<tables>
			<table sourcename="D_W_PCM_LINEITEM_PALM" targetname="PROP_PRSVN_EXP_PRE_APRVL" srcKey="FNMA_Loan_Number" trgKey="FNM_LN_ID"
					fromClause = "FROM(SELECT LI.SERVICE_TYPE,
										        LI.APPROVED_COST, 
										        LI.APPROVED,
										        LI.HT_REQUEST_ID,
										        LI.HT_LINE_ITEM_ID,
										        LI.FNMA_Loan_Number
										FROM SRC_SCHEMA.D_W_PCM_LINEITEM_PALM LI 
										INNER JOIN (SELECT FNMA_LOAN_NUMBER, 
										                    MAX(LAST_UPD_DT) AS MAX_LAST_UPD_DT 
										            FROM SRC_SCHEMA.D_W_PCM_LINEITEM_PALM 
										            GROUP BY FNMA_LOAN_NUMBER) LI1 ON LI.FNMA_LOAN_NUMBER = LI1.FNMA_LOAN_NUMBER AND LI.LAST_UPD_DT = LI1.MAX_LAST_UPD_DT 
										LEFT OUTER JOIN SRC_SCHEMA.D_W_PCM_SUBMITTEDPNP_PALM SP ON LI.FNMA_LOAN_NUMBER = SP.FNMA_LOAN_NUMBER AND LI.HT_REQUEST_ID = SP.HT_REQUEST_ID) "/>
					
			<table sourcename="D_W_PCM_SUBMITTEDPNP_PALM" targetname="PROP_PRSVN_EXP_PRE_APRVL" srcKey="FNMA_Loan_Number" trgKey="FNM_LN_ID"
					fromClause = "FROM(SELECT SP.APPROVAL_DATE,
										        SP.REQUESTED_DATE,
										        LI.FNMA_Loan_Number
										FROM SRC_SCHEMA.D_W_PCM_LINEITEM_PALM LI 
										INNER JOIN (SELECT FNMA_LOAN_NUMBER, 
										                    MAX(LAST_UPD_DT) AS MAX_LAST_UPD_DT 
										            FROM SRC_SCHEMA.D_W_PCM_LINEITEM_PALM 
										            GROUP BY FNMA_LOAN_NUMBER) LI1 ON LI.FNMA_LOAN_NUMBER = LI1.FNMA_LOAN_NUMBER AND LI.LAST_UPD_DT = LI1.MAX_LAST_UPD_DT 
										LEFT OUTER JOIN SRC_SCHEMA.D_W_PCM_SUBMITTEDPNP_PALM SP ON LI.FNMA_LOAN_NUMBER = SP.FNMA_LOAN_NUMBER AND LI.HT_REQUEST_ID = SP.HT_REQUEST_ID)"/>
					
			<table sourcename="DSP_USER_LIST" targetname="PROP_EXP_CLM_USR_GRP" srcKey="userid" trgKey="PROP_EXP_CLM_REVW_USR_ID"
					fromClause=""/>
		</tables>
	</source>
	<source sourceId="RDW">
		<tables>
			<table sourcename="LL_APPLNT_BRWR_CR_SCR" targetname="LN_APPL" srcKey="LN_ID" trgKey="FNM_LN_ID"
					fromClause = "FROM (SELECT ABCS.CR_SCR_NO
								  FROM SRC_SCHEMA.LL_LN_APPL APPL
								  LEFT OUTER JOIN SRC_SCHEMA.LL_APPLNT_BRWR_CR_SCR ABCS ON APPL.LN_ID = ABCS.LN_ID 
								  AND ABCS.BRWR_CBRWR_CD = '01')"/>
			
			<table sourcename="LL_LN_APPL" targetname="LN_APPL" srcKey="LN_ID" trgKey="FNM_LN_ID"
					fromClause = "FROM(SELECT APPL.LN_ID,
							             APPL.BRWR_TOT_MTHLY_INCM_AMT, 
							             APPL.BRWR_TOT_MTHLY_DEBT_EXP_AMT,
							             APPL.BRWR_CNT,
							             APPL.BRWR_SELF_EMPD_IND
								  FROM SRC_SCHEMA.LL_LN_APPL APPL
								  LEFT OUTER JOIN SRC_SCHEMA.LL_APPLNT_BRWR_CR_SCR ABCS ON APPL.LN_ID = ABCS.LN_ID 
								  AND ABCS.BRWR_CBRWR_CD = '01')"/>
		</tables>
	</source>
	
	<source sourceId="Equator ODS">
		<tables>
			<table sourcename="ODS_EXPENSE" targetname="PROP_REO_EXP_LINE_ITM" srcKey="Expense_Id" trgKey="PROP_REO_EXP_LINE_ITM_ID"
					fromClause="FROM
								(SELECT
									 PROP.LOAN_NUMBER 
									,ODS_EXP.PAYEE_NAME
									,ODS_EXP.EXPENSE_STATUSCODE   
									,ODS_EXP.EXPENSE_ID
									,ODS_EXP.PAID_AMOUNT
									,ODS_EXP.PAYEE_AMOUNT
									,ODS_EXP.APPROVED_AMOUNT
									,ODS_EXP.EXPENSE_EXTERNAL_KEY
									,ODS_EXP.SECONDARY_EXPENSE_EXTERNAL_KEY 
									,EXPCDE.EXPENSECODE A
									,EXP_CLNT_XREF.CLIENT_EXPENSE_ID
									,RL1.ROLE_NAME AS ROLE_NAME1
									,RL2.ROLE_NAME AS ROLE_NAME2
									,RL3.ROLE_NAME AS ROLE_NAME3
									,RL4.ROLE_NAME AS ROLE_NAME4
									FROM [Fannie_Equator_ODS_Razor].[dbo].ODS_EXPENSE ODS_EXP (nolock)
									INNER JOIN [Fannie_Equator_ODS_Razor].[dbo].ODS_PROPERTY PROP (nolock)
										ON ODS_EXP.ORIGINATING_PROPERTY_ID = PROP.PROPERTY_ID AND
											   ODS_EXP.ORIGINATING_LENDER_ID = PROP.LENDER_ID
									INNER JOIN [Fannie_Equator_ODS_Razor].[dbo].ODS_EXPENSE_CLIENT_XREF EXP_CLNT_XREF (nolock)
										ON ODS_EXP.EXPENSE_ID = EXP_CLNT_XREF.EXPENSE_ID 
										  AND  EXP_CLNT_XREF.ODS_DELETED_FLAG= 'N'
									LEFT OUTER JOIN [Fannie_Equator_ODS_Razor].[dbo].ODS_EXPENSECODE EXPCDE  (nolock)
										ON ODS_EXP.EXPENSECODE_ID = EXPCDE.EXPENSECODE_ID
									LEFT OUTER JOIN [Fannie_Equator_ODS_Razor].[dbo].ODS_ROLE RL1 (nolock)
										ON ODS_EXP.CREATE_ROLE = RL1.ROLE_ID
										AND RL1.ODS_DELETED_FLAG = 'N' 
									LEFT OUTER JOIN [Fannie_Equator_ODS_Razor].[dbo].ODS_ROLE RL2 (nolock)
										ON ODS_EXP.APPROVED_ROLE = RL2.ROLE_ID 
										AND RL2.ODS_DELETED_FLAG = 'N'
									LEFT OUTER JOIN [Fannie_Equator_ODS_Razor].[dbo].ODS_ROLE RL3 (nolock)
										ON ODS_EXP.ROLE_ID = RL3.ROLE_ID
										AND RL3.ODS_DELETED_FLAG = 'N'
									LEFT OUTER JOIN [Fannie_Equator_ODS_Razor].[dbo].ODS_ROLE RL4 (nolock)
										ON ODS_EXP.PAID_ROLE = RL4.ROLE_ID
										AND RL4.ODS_DELETED_FLAG = 'N'
									WHERE ODS_EXP.ODS_DELETED_FLAG = 'N'
									  AND PROP.ODS_DELETED_FLAG = 'N'
									  AND PROP.LENDER_ID = 1617) TEMP"/>

			<table sourcename="ODS_Type_XREF" targetname="PROP_REO_EXP_LINE_ITM" srcKey="Expense_Id" trgKey="PROP_REO_EXP_LINE_ITM_ID"
					fromClause="FROM
(SELECT
	 PROP.LOAN_NUMBER 
	,ODS_EXP.PAYEE_NAME
	,ODS_EXP.EXPENSE_STATUSCODE   
	,ODS_EXP.EXPENSE_ID
	,ODS_EXP.PAID_AMOUNT
	,ODS_EXP.PAYEE_AMOUNT
	,ODS_EXP.APPROVED_AMOUNT
	,ODS_EXP.EXPENSE_EXTERNAL_KEY
	,ODS_EXP.SECONDARY_EXPENSE_EXTERNAL_KEY 
	,EXPCDE.EXPENSECODE A
	,EXP_CLNT_XREF.CLIENT_EXPENSE_ID
	,RL1.ROLE_NAME AS ROLE_NAME1
	,RL2.ROLE_NAME AS ROLE_NAME2
	,RL3.ROLE_NAME AS ROLE_NAME3
	,RL4.ROLE_NAME AS ROLE_NAME4
	FROM [Fannie_Equator_ODS_Razor].[dbo].ODS_EXPENSE ODS_EXP (nolock)
	INNER JOIN [Fannie_Equator_ODS_Razor].[dbo].ODS_PROPERTY PROP (nolock)
		ON ODS_EXP.ORIGINATING_PROPERTY_ID = PROP.PROPERTY_ID AND
			   ODS_EXP.ORIGINATING_LENDER_ID = PROP.LENDER_ID
	INNER JOIN [Fannie_Equator_ODS_Razor].[dbo].ODS_EXPENSE_CLIENT_XREF EXP_CLNT_XREF (nolock)
		ON ODS_EXP.EXPENSE_ID = EXP_CLNT_XREF.EXPENSE_ID 
		  AND  EXP_CLNT_XREF.ODS_DELETED_FLAG= 'N'
	LEFT OUTER JOIN [Fannie_Equator_ODS_Razor].[dbo].ODS_EXPENSECODE EXPCDE  (nolock)
		ON ODS_EXP.EXPENSECODE_ID = EXPCDE.EXPENSECODE_ID
	LEFT OUTER JOIN [Fannie_Equator_ODS_Razor].[dbo].ODS_ROLE RL1 (nolock)
		ON ODS_EXP.CREATE_ROLE = RL1.ROLE_ID
		AND RL1.ODS_DELETED_FLAG = 'N' 
	LEFT OUTER JOIN [Fannie_Equator_ODS_Razor].[dbo].ODS_ROLE RL2 (nolock)
		ON ODS_EXP.APPROVED_ROLE = RL2.ROLE_ID 
		AND RL2.ODS_DELETED_FLAG = 'N'
	LEFT OUTER JOIN [Fannie_Equator_ODS_Razor].[dbo].ODS_ROLE RL3 (nolock)
		ON ODS_EXP.ROLE_ID = RL3.ROLE_ID
		AND RL3.ODS_DELETED_FLAG = 'N'
	LEFT OUTER JOIN [Fannie_Equator_ODS_Razor].[dbo].ODS_ROLE RL4 (nolock)
		ON ODS_EXP.PAID_ROLE = RL4.ROLE_ID
		AND RL4.ODS_DELETED_FLAG = 'N'
	WHERE ODS_EXP.ODS_DELETED_FLAG = 'N'
	  AND PROP.ODS_DELETED_FLAG = 'N'
	  AND PROP.LENDER_ID = 1617) TEMP"/>

			<table sourcename="ODS_Role" targetname="PROP_REO_EXP_LINE_ITM" srcKey="Expense_Id" trgKey="PROP_REO_EXP_LINE_ITM_ID"
					fromClause="FROM
(SELECT
	 PROP.LOAN_NUMBER 
	,ODS_EXP.PAYEE_NAME
	,ODS_EXP.EXPENSE_STATUSCODE   
	,ODS_EXP.EXPENSE_ID
	,ODS_EXP.PAID_AMOUNT
	,ODS_EXP.PAYEE_AMOUNT
	,ODS_EXP.APPROVED_AMOUNT
	,ODS_EXP.EXPENSE_EXTERNAL_KEY
	,ODS_EXP.SECONDARY_EXPENSE_EXTERNAL_KEY 
	,EXPCDE.EXPENSECODE A
	,EXP_CLNT_XREF.CLIENT_EXPENSE_ID
	,RL1.ROLE_NAME AS ROLE_NAME1
	,RL2.ROLE_NAME AS ROLE_NAME2
	,RL3.ROLE_NAME AS ROLE_NAME3
	,RL4.ROLE_NAME AS ROLE_NAME4
	FROM [Fannie_Equator_ODS_Razor].[dbo].ODS_EXPENSE ODS_EXP (nolock)
	INNER JOIN [Fannie_Equator_ODS_Razor].[dbo].ODS_PROPERTY PROP (nolock)
		ON ODS_EXP.ORIGINATING_PROPERTY_ID = PROP.PROPERTY_ID AND
			   ODS_EXP.ORIGINATING_LENDER_ID = PROP.LENDER_ID
	INNER JOIN [Fannie_Equator_ODS_Razor].[dbo].ODS_EXPENSE_CLIENT_XREF EXP_CLNT_XREF (nolock)
		ON ODS_EXP.EXPENSE_ID = EXP_CLNT_XREF.EXPENSE_ID 
		  AND  EXP_CLNT_XREF.ODS_DELETED_FLAG= 'N'
	LEFT OUTER JOIN [Fannie_Equator_ODS_Razor].[dbo].ODS_EXPENSECODE EXPCDE  (nolock)
		ON ODS_EXP.EXPENSECODE_ID = EXPCDE.EXPENSECODE_ID
	LEFT OUTER JOIN [Fannie_Equator_ODS_Razor].[dbo].ODS_ROLE RL1 (nolock)
		ON ODS_EXP.CREATE_ROLE = RL1.ROLE_ID
		AND RL1.ODS_DELETED_FLAG = 'N' 
	LEFT OUTER JOIN [Fannie_Equator_ODS_Razor].[dbo].ODS_ROLE RL2 (nolock)
		ON ODS_EXP.APPROVED_ROLE = RL2.ROLE_ID 
		AND RL2.ODS_DELETED_FLAG = 'N'
	LEFT OUTER JOIN [Fannie_Equator_ODS_Razor].[dbo].ODS_ROLE RL3 (nolock)
		ON ODS_EXP.ROLE_ID = RL3.ROLE_ID
		AND RL3.ODS_DELETED_FLAG = 'N'
	LEFT OUTER JOIN [Fannie_Equator_ODS_Razor].[dbo].ODS_ROLE RL4 (nolock)
		ON ODS_EXP.PAID_ROLE = RL4.ROLE_ID
		AND RL4.ODS_DELETED_FLAG = 'N'
	WHERE ODS_EXP.ODS_DELETED_FLAG = 'N'
	  AND PROP.ODS_DELETED_FLAG = 'N'
	  AND PROP.LENDER_ID = 1617) TEMP"/>

			<table sourcename="ODS_EXPENSECODE" targetname="PROP_REO_EXP_LINE_ITM" srcKey="Expense_Id" trgKey="PROP_REO_EXP_LINE_ITM_ID"
					fromClause="FROM
(SELECT
	 PROP.LOAN_NUMBER 
	,ODS_EXP.PAYEE_NAME
	,ODS_EXP.EXPENSE_STATUSCODE   
	,ODS_EXP.EXPENSE_ID
	,ODS_EXP.PAID_AMOUNT
	,ODS_EXP.PAYEE_AMOUNT
	,ODS_EXP.APPROVED_AMOUNT
	,ODS_EXP.EXPENSE_EXTERNAL_KEY
	,ODS_EXP.SECONDARY_EXPENSE_EXTERNAL_KEY 
	,EXPCDE.EXPENSECODE A
	,EXP_CLNT_XREF.CLIENT_EXPENSE_ID
	,RL1.ROLE_NAME AS ROLE_NAME1
	,RL2.ROLE_NAME AS ROLE_NAME2
	,RL3.ROLE_NAME AS ROLE_NAME3
	,RL4.ROLE_NAME AS ROLE_NAME4
	FROM [Fannie_Equator_ODS_Razor].[dbo].ODS_EXPENSE ODS_EXP (nolock)
	INNER JOIN [Fannie_Equator_ODS_Razor].[dbo].ODS_PROPERTY PROP (nolock)
		ON ODS_EXP.ORIGINATING_PROPERTY_ID = PROP.PROPERTY_ID AND
			   ODS_EXP.ORIGINATING_LENDER_ID = PROP.LENDER_ID
	INNER JOIN [Fannie_Equator_ODS_Razor].[dbo].ODS_EXPENSE_CLIENT_XREF EXP_CLNT_XREF (nolock)
		ON ODS_EXP.EXPENSE_ID = EXP_CLNT_XREF.EXPENSE_ID 
		  AND  EXP_CLNT_XREF.ODS_DELETED_FLAG= 'N'
	LEFT OUTER JOIN [Fannie_Equator_ODS_Razor].[dbo].ODS_EXPENSECODE EXPCDE  (nolock)
		ON ODS_EXP.EXPENSECODE_ID = EXPCDE.EXPENSECODE_ID
	LEFT OUTER JOIN [Fannie_Equator_ODS_Razor].[dbo].ODS_ROLE RL1 (nolock)
		ON ODS_EXP.CREATE_ROLE = RL1.ROLE_ID
		AND RL1.ODS_DELETED_FLAG = 'N' 
	LEFT OUTER JOIN [Fannie_Equator_ODS_Razor].[dbo].ODS_ROLE RL2 (nolock)
		ON ODS_EXP.APPROVED_ROLE = RL2.ROLE_ID 
		AND RL2.ODS_DELETED_FLAG = 'N'
	LEFT OUTER JOIN [Fannie_Equator_ODS_Razor].[dbo].ODS_ROLE RL3 (nolock)
		ON ODS_EXP.ROLE_ID = RL3.ROLE_ID
		AND RL3.ODS_DELETED_FLAG = 'N'
	LEFT OUTER JOIN [Fannie_Equator_ODS_Razor].[dbo].ODS_ROLE RL4 (nolock)
		ON ODS_EXP.PAID_ROLE = RL4.ROLE_ID
		AND RL4.ODS_DELETED_FLAG = 'N'
	WHERE ODS_EXP.ODS_DELETED_FLAG = 'N'
	  AND PROP.ODS_DELETED_FLAG = 'N'
	  AND PROP.LENDER_ID = 1617) TEMP"/>

			<table sourcename="ODS_EXPENSE_CLIENT_XREF" targetname="PROP_REO_EXP_LINE_ITM" srcKey="Expense_Id" trgKey="PROP_REO_EXP_LINE_ITM_ID"
					fromClause="FROM
(SELECT
	 PROP.LOAN_NUMBER 
	,ODS_EXP.PAYEE_NAME
	,ODS_EXP.EXPENSE_STATUSCODE   
	,ODS_EXP.EXPENSE_ID
	,ODS_EXP.PAID_AMOUNT
	,ODS_EXP.PAYEE_AMOUNT
	,ODS_EXP.APPROVED_AMOUNT
	,ODS_EXP.EXPENSE_EXTERNAL_KEY
	,ODS_EXP.SECONDARY_EXPENSE_EXTERNAL_KEY 
	,EXPCDE.EXPENSECODE A
	,EXP_CLNT_XREF.CLIENT_EXPENSE_ID
	,RL1.ROLE_NAME AS ROLE_NAME1
	,RL2.ROLE_NAME AS ROLE_NAME2
	,RL3.ROLE_NAME AS ROLE_NAME3
	,RL4.ROLE_NAME AS ROLE_NAME4
	FROM [Fannie_Equator_ODS_Razor].[dbo].ODS_EXPENSE ODS_EXP (nolock)
	INNER JOIN [Fannie_Equator_ODS_Razor].[dbo].ODS_PROPERTY PROP (nolock)
		ON ODS_EXP.ORIGINATING_PROPERTY_ID = PROP.PROPERTY_ID AND
			   ODS_EXP.ORIGINATING_LENDER_ID = PROP.LENDER_ID
	INNER JOIN [Fannie_Equator_ODS_Razor].[dbo].ODS_EXPENSE_CLIENT_XREF EXP_CLNT_XREF (nolock)
		ON ODS_EXP.EXPENSE_ID = EXP_CLNT_XREF.EXPENSE_ID 
		  AND  EXP_CLNT_XREF.ODS_DELETED_FLAG= 'N'
	LEFT OUTER JOIN [Fannie_Equator_ODS_Razor].[dbo].ODS_EXPENSECODE EXPCDE  (nolock)
		ON ODS_EXP.EXPENSECODE_ID = EXPCDE.EXPENSECODE_ID
	LEFT OUTER JOIN [Fannie_Equator_ODS_Razor].[dbo].ODS_ROLE RL1 (nolock)
		ON ODS_EXP.CREATE_ROLE = RL1.ROLE_ID
		AND RL1.ODS_DELETED_FLAG = 'N' 
	LEFT OUTER JOIN [Fannie_Equator_ODS_Razor].[dbo].ODS_ROLE RL2 (nolock)
		ON ODS_EXP.APPROVED_ROLE = RL2.ROLE_ID 
		AND RL2.ODS_DELETED_FLAG = 'N'
	LEFT OUTER JOIN [Fannie_Equator_ODS_Razor].[dbo].ODS_ROLE RL3 (nolock)
		ON ODS_EXP.ROLE_ID = RL3.ROLE_ID
		AND RL3.ODS_DELETED_FLAG = 'N'
	LEFT OUTER JOIN [Fannie_Equator_ODS_Razor].[dbo].ODS_ROLE RL4 (nolock)
		ON ODS_EXP.PAID_ROLE = RL4.ROLE_ID
		AND RL4.ODS_DELETED_FLAG = 'N'
	WHERE ODS_EXP.ODS_DELETED_FLAG = 'N'
	  AND PROP.ODS_DELETED_FLAG = 'N'
	  AND PROP.LENDER_ID = 1617) TEMP"/>

		
		<!-- <table sourcename="ODS_EXPENSECODE" targetname="FNM_ACTG_RCVB" srcKey="expensecode" trgKey="FNM_ACTG_PRCDS_CATG_TYP" -->
			<table sourcename="ODS_EXPENSECODE" targetname="FNM_ACTG_RCVB" srcKey="" trgKey=""
					fromClause="FROM SRC_SCHEMA.ODS_RECEIVABLE ODSR LEFT OUTER JOIN SRC_SCHEMA.ODS_EXPENSECODE ODSE ON ODSR.RECEIVABLE_CODE_ID = ODSE.EXPENSECODE_ID
LEFT OUTER JOIN SRC_SCHEMA.ODS_PROPERTY PROP ON ODSR.PROPERTY_ID = PROP.PROPERTY_ID WHERE ODSE.ods_deleted_flag = 'N'"/>

			<table sourcename="ODS_PROPERTY" targetname="FNM_ACTG_RCVB" srcKey="Loan_Number" trgKey="FNM_LN_ID"
					fromClause="FROM SRC_SCHEMA.ODS_RECEIVABLE ODSR LEFT OUTER JOIN SRC_SCHEMA.ODS_EXPENSECODE ODSE ON ODSR.RECEIVABLE_CODE_ID = ODSE.EXPENSECODE_ID
LEFT OUTER JOIN SRC_SCHEMA.ODS_PROPERTY PROP ON ODSR.PROPERTY_ID = PROP.PROPERTY_ID WHERE ODSE.ods_deleted_flag = 'N'"/>
			<!-- srcKey="Property_ID" trgKey="PROP_ID" -->
			<table sourcename="ODS_RECEIVABLE" targetname="FNM_ACTG_RCVB" srcKey="" trgKey=""
					fromClause="FROM SRC_SCHEMA.ODS_RECEIVABLE ODSR LEFT OUTER JOIN SRC_SCHEMA.ODS_EXPENSECODE ODSE ON ODSR.RECEIVABLE_CODE_ID = ODSE.EXPENSECODE_ID
LEFT OUTER JOIN SRC_SCHEMA.ODS_PROPERTY PROP ON ODSR.PROPERTY_ID = PROP.PROPERTY_ID WHERE ODSE.ods_deleted_flag = 'N'"/>
			
			
			
			<table sourcename="ODS_PROPERTY" targetname="FNM_REO_CASE" srcKey="Loan_Number" trgKey="REO_CASE_ID"
					fromClause="FROM(SELECT PROP.REO_Number,PROP.status_desc,Create_Date,PROP2.REO_Disposition_Date,PROP.disposition_type,PROP.PROPERTY_ID,PROP.Loan_Number 
FROM SRC_SCHEMA.ODS_PROPERTY PROP INNER JOIN SRC_SCHEMA.ODS_PROPERTY_2 PROP2 ON PROP.PROPERTY_ID = PROP2.PROPERTY_ID AND PROP.LENDER_ID = PROP2.LENDER_ID AND 
PROP2.ODS_DELETED_FLAG = 'N' LEFT JOIN (SELECT P.REO_NUMBER, UPPER(P.STATUS_DESC) AS CASE_STATUS, MAX(CAST(PCL.CREATE_DATE AS DATETIME)) AS STATUS_DATE
FROM SRC_SCHEMA.ODS_PROPERTY P (NOLOCK), SRC_SCHEMA.ODS_PROPERTY_CHANGE_LOG PCL (NOLOCK) WHERE P.PROPERTY_ID = PCL.PROPERTY_ID AND P.LENDER_ID = PCL.LENDER_ID
AND P.PARENT_LENDER = 1617  AND P.ODS_DELETED_FLAG = 'N'  AND PCL.ODS_DELETED_FLAG = 'N'  AND UPPER(PCL.FIELD_NAME) = 'STATUS' AND UPPER(PCL.FIELD_VALUE) != UPPER(P.STATUS_DESC)
AND UPPER(PCL.FIELD_VALUE2) = UPPER(P.STATUS_DESC) GROUP BY P.REO_NUMBER, UPPER(P.STATUS_DESC)) TEMP ON PROP.REO_NUMBER = TEMP.REO_NUMBER WHERE PROP.ODS_DELETED_FLAG = 'N' AND
PROP.PARENT_LENDER = '1617' AND PROP.STATUS != 1442) TEMP1"/>
			
			<table sourcename="ODS_PROPERTY_2" targetname="FNM_REO_CASE" srcKey="Loan_Number" trgKey="REO_CASE_ID"
					fromClause="FROM(SELECT PROP.REO_Number,PROP.status_desc,Create_Date,PROP2.REO_Disposition_Date,PROP.disposition_type,PROP.PROPERTY_ID,PROP.Loan_Number 
FROM SRC_SCHEMA.ODS_PROPERTY PROP INNER JOIN SRC_SCHEMA.ODS_PROPERTY_2 PROP2 ON PROP.PROPERTY_ID = PROP2.PROPERTY_ID AND PROP.LENDER_ID = PROP2.LENDER_ID AND 
PROP2.ODS_DELETED_FLAG = 'N' LEFT JOIN (SELECT P.REO_NUMBER, UPPER(P.STATUS_DESC) AS CASE_STATUS, MAX(CAST(PCL.CREATE_DATE AS DATETIME)) AS STATUS_DATE
FROM SRC_SCHEMA.ODS_PROPERTY P (NOLOCK), SRC_SCHEMA.ODS_PROPERTY_CHANGE_LOG PCL (NOLOCK) WHERE P.PROPERTY_ID = PCL.PROPERTY_ID AND P.LENDER_ID = PCL.LENDER_ID
AND P.PARENT_LENDER = 1617  AND P.ODS_DELETED_FLAG = 'N'  AND PCL.ODS_DELETED_FLAG = 'N'  AND UPPER(PCL.FIELD_NAME) = 'STATUS' AND UPPER(PCL.FIELD_VALUE) != UPPER(P.STATUS_DESC)
AND UPPER(PCL.FIELD_VALUE2) = UPPER(P.STATUS_DESC) GROUP BY P.REO_NUMBER, UPPER(P.STATUS_DESC)) TEMP ON PROP.REO_NUMBER = TEMP.REO_NUMBER WHERE PROP.ODS_DELETED_FLAG = 'N' AND
PROP.PARENT_LENDER = '1617' AND PROP.STATUS != 1442) TEMP1" />

			<table sourcename="ODS_PROPERTY_CHANGE_LOG" targetname="FNM_REO_CASE" srcKey="Loan_Number" trgKey="REO_CASE_ID"
					fromClause="FROM(SELECT PROP.REO_Number,PROP.status_desc,Create_Date,PROP2.REO_Disposition_Date,PROP.disposition_type,PROP.PROPERTY_ID,PROP.Loan_Number 
FROM SRC_SCHEMA.ODS_PROPERTY PROP INNER JOIN SRC_SCHEMA.ODS_PROPERTY_2 PROP2 ON PROP.PROPERTY_ID = PROP2.PROPERTY_ID AND PROP.LENDER_ID = PROP2.LENDER_ID AND 
PROP2.ODS_DELETED_FLAG = 'N' LEFT JOIN (SELECT P.REO_NUMBER, UPPER(P.STATUS_DESC) AS CASE_STATUS, MAX(CAST(PCL.CREATE_DATE AS DATETIME)) AS STATUS_DATE
FROM SRC_SCHEMA.ODS_PROPERTY P (NOLOCK), SRC_SCHEMA.ODS_PROPERTY_CHANGE_LOG PCL (NOLOCK) WHERE P.PROPERTY_ID = PCL.PROPERTY_ID AND P.LENDER_ID = PCL.LENDER_ID
AND P.PARENT_LENDER = 1617  AND P.ODS_DELETED_FLAG = 'N'  AND PCL.ODS_DELETED_FLAG = 'N'  AND UPPER(PCL.FIELD_NAME) = 'STATUS' AND UPPER(PCL.FIELD_VALUE) != UPPER(P.STATUS_DESC)
AND UPPER(PCL.FIELD_VALUE2) = UPPER(P.STATUS_DESC) GROUP BY P.REO_NUMBER, UPPER(P.STATUS_DESC)) TEMP ON PROP.REO_NUMBER = TEMP.REO_NUMBER WHERE PROP.ODS_DELETED_FLAG = 'N' AND
PROP.PARENT_LENDER = '1617' AND PROP.STATUS != 1442) TEMP1" />



			<table sourcename="tx_PO1093Form_Repairs_Repairs" targetname="PROP_PUR_ORD_DSBT" srcKey="payee_id" trgKey="PRTY_VNDR_ID"
			       fromClause="FROM SRC_SCHEMA.TX_PO1093FORM_REPAIRS_REPAIRS TXR INNER JOIN SRC_SCHEMA.ODS_PROPERTY PROP ON TXR.PROPERTY_ID = PROP.PROPERTY_ID"/>
			
			<table sourcename="ODS_PROPERTY" targetname="PROP_PUR_ORD_DSBT" srcKey="LOAN_NUMBER" trgKey="FNM_LN_ID"
			       fromClause="FROM SRC_SCHEMA.TX_PO1093FORM_REPAIRS_REPAIRS TXR INNER JOIN SRC_SCHEMA.ODS_PROPERTY PROP ON TXR.PROPERTY_ID = PROP.PROPERTY_ID"/>
			
			
			
			<table sourcename="ODS_PROPERTY" targetname="LN_RCRS" srcKey="Loan_Number" trgKey="FNM_LN_ID"
					fromClause="FROM (SELECT PROP.LOAN_NUMBER,PROP.PROPERTY_ID,UPPER(PROP.RECOURSE_STATUS) AS RECOURSE_STATUS FROM SRC_SCHEMA.ODS_PROPERTY PROP (NOLOCK), SRC_SCHEMA.ODS_PROPERTY_CHANGE_LOG PCL (NOLOCK) WHERE PROP.PROPERTY_ID = PCL.PROPERTY_ID 
  AND PROP.LENDER_ID = PCL.LENDER_ID AND PROP.PARENT_LENDER = 1617 AND PROP.ODS_DELETED_FLAG = 'N' AND PCL.ODS_DELETED_FLAG = 'N' AND UPPER(PCL.FIELD_NAME)   = 'RECOURSE_STATUS' 
  AND UPPER(PCL.FIELD_VALUE) != PROP.RECOURSE_STATUS AND UPPER(PCL.FIELD_VALUE2) = PROP.RECOURSE_STATUS GROUP BY PROP.LOAN_NUMBER, PROP.PROPERTY_ID, UPPER(PROP.RECOURSE_STATUS)) TEMP"/>
			
			<table sourcename="ODS_PROPERTY_CHANGE_LOG" targetname="LN_RCRS" srcKey="Property_ID" trgKey="PROP_ID"
					fromClause="FROM (SELECT PROP.LOAN_NUMBER,PROP.PROPERTY_ID,UPPER(PROP.RECOURSE_STATUS) AS RECOURSE_STATUS FROM SRC_SCHEMA.ODS_PROPERTY PROP (NOLOCK), SRC_SCHEMA.ODS_PROPERTY_CHANGE_LOG PCL (NOLOCK) WHERE PROP.PROPERTY_ID = PCL.PROPERTY_ID 
  AND PROP.LENDER_ID = PCL.LENDER_ID AND PROP.PARENT_LENDER = 1617 AND PROP.ODS_DELETED_FLAG = 'N' AND PCL.ODS_DELETED_FLAG = 'N' AND UPPER(PCL.FIELD_NAME)   = 'RECOURSE_STATUS' 
  AND UPPER(PCL.FIELD_VALUE) != PROP.RECOURSE_STATUS AND UPPER(PCL.FIELD_VALUE2) = PROP.RECOURSE_STATUS GROUP BY PROP.LOAN_NUMBER, PROP.PROPERTY_ID, UPPER(PROP.RECOURSE_STATUS)) TEMP"/>
			
			
			
			<table sourcename="ODS_Type_Xref" targetname="PROP_REO_CASE_UTM_ISS" srcKey="" trgKey=""
					fromClause="FROM (SELECT  ISS_GRP.PROPERTY_ISSUE_GROUP_ID,PROP.REO_NUMBER,PROP.LOAN_NUMBER,ISS_GRP.PROPERTY_ID,XREF.TYPE_VALUE XREF_TYPE_VALUE,XREF1.TYPE_VALUE XREF1_TYPE_VALUE 
 FROM SRC_SCHEMA.ODS_PROPERTY_ISSUE_GROUP ISS_GRP, SRC_SCHEMA.ODS_PROPERTY PROP,SRC_SCHEMA.ODS_PROPERTY_ISSUE_ACTION ISS_ACTN,SRC_SCHEMA.ODS_TYPE_XREF XREF,SRC_SCHEMA.ODS_TYPE_XREF XREF1 
 WHERE ISS_GRP.PROPERTY_ISSUE_GROUP_ID = ISS_ACTN.PROPERTY_ISSUE_GROUP_ID AND ISS_GRP.PROPERTY_ID=PROP.PROPERTY_ID AND ISS_GRP.ISSUE_TYPE_ID = XREF.TYPE_ID 
 AND UPPER(XREF.TYPE_GROUP) = 'PROPERTY_ISSUE_TYPE' AND ISS_GRP.ISSUE_STATUS_TYPE_ID = XREF1.TYPE_ID AND UPPER(XREF1.TYPE_GROUP) = 'PROPERTY_ISSUE_STATUS'
 GROUP BY ISS_GRP.PROPERTY_ISSUE_GROUP_ID,PROP.REO_NUMBER,PROP.LOAN_NUMBER,ISS_GRP.PROPERTY_ID,XREF.TYPE_VALUE,XREF1.TYPE_VALUE) TEMP" />
			
			<table sourcename="ODS_PROPERTY_ISSUE_ACTION" targetname="PROP_REO_CASE_UTM_ISS" srcKey="" trgKey=""
					fromClause="FROM (SELECT  ISS_GRP.PROPERTY_ISSUE_GROUP_ID,PROP.REO_NUMBER,PROP.LOAN_NUMBER,ISS_GRP.PROPERTY_ID,XREF.TYPE_VALUE XREF_TYPE_VALUE,XREF1.TYPE_VALUE XREF1_TYPE_VALUE 
 FROM SRC_SCHEMA.ODS_PROPERTY_ISSUE_GROUP ISS_GRP, SRC_SCHEMA.ODS_PROPERTY PROP,SRC_SCHEMA.ODS_PROPERTY_ISSUE_ACTION ISS_ACTN,SRC_SCHEMA.ODS_TYPE_XREF XREF,SRC_SCHEMA.ODS_TYPE_XREF XREF1 
 WHERE ISS_GRP.PROPERTY_ISSUE_GROUP_ID = ISS_ACTN.PROPERTY_ISSUE_GROUP_ID AND ISS_GRP.PROPERTY_ID=PROP.PROPERTY_ID AND ISS_GRP.ISSUE_TYPE_ID = XREF.TYPE_ID 
 AND UPPER(XREF.TYPE_GROUP) = 'PROPERTY_ISSUE_TYPE' AND ISS_GRP.ISSUE_STATUS_TYPE_ID = XREF1.TYPE_ID AND UPPER(XREF1.TYPE_GROUP) = 'PROPERTY_ISSUE_STATUS'
 GROUP BY ISS_GRP.PROPERTY_ISSUE_GROUP_ID,PROP.REO_NUMBER,PROP.LOAN_NUMBER,ISS_GRP.PROPERTY_ID,XREF.TYPE_VALUE,XREF1.TYPE_VALUE) TEMP" />
			
			<table sourcename="ODS_Property" targetname="PROP_REO_CASE_UTM_ISS" srcKey="REO_Number" trgKey="REO_CASE_ID"
					fromClause="FROM (SELECT  ISS_GRP.PROPERTY_ISSUE_GROUP_ID,PROP.REO_NUMBER,PROP.LOAN_NUMBER,ISS_GRP.PROPERTY_ID,XREF.TYPE_VALUE XREF_TYPE_VALUE,XREF1.TYPE_VALUE XREF1_TYPE_VALUE 
 FROM SRC_SCHEMA.ODS_PROPERTY_ISSUE_GROUP ISS_GRP, SRC_SCHEMA.ODS_PROPERTY PROP,SRC_SCHEMA.ODS_PROPERTY_ISSUE_ACTION ISS_ACTN,SRC_SCHEMA.ODS_TYPE_XREF XREF,SRC_SCHEMA.ODS_TYPE_XREF XREF1 
 WHERE ISS_GRP.PROPERTY_ISSUE_GROUP_ID = ISS_ACTN.PROPERTY_ISSUE_GROUP_ID AND ISS_GRP.PROPERTY_ID=PROP.PROPERTY_ID AND ISS_GRP.ISSUE_TYPE_ID = XREF.TYPE_ID 
 AND UPPER(XREF.TYPE_GROUP) = 'PROPERTY_ISSUE_TYPE' AND ISS_GRP.ISSUE_STATUS_TYPE_ID = XREF1.TYPE_ID AND UPPER(XREF1.TYPE_GROUP) = 'PROPERTY_ISSUE_STATUS'
 GROUP BY ISS_GRP.PROPERTY_ISSUE_GROUP_ID,PROP.REO_NUMBER,PROP.LOAN_NUMBER,ISS_GRP.PROPERTY_ID,XREF.TYPE_VALUE,XREF1.TYPE_VALUE) TEMP" />
 
 
 
 			<table sourcename="TX_REDEMPTIONRECONCILED_OWNERREDEMPTION_REDEMPTION" targetname="PROP_REO_TASK_CMNTS" srcKey="Property_ID" trgKey="PROP_ID"
 					fromClause="FROM (SELECT TXRDMRR.PROPERTY_ID AS PROP_ID,PROP.LOAN_NUMBER AS FNM_LN_ID,PROP.REO_NUMBER AS REO_CASE_ID,REPLACE(REPLACE(TXT_COMMENTS, CHAR(13), ' '), CHAR(10), ' ') AS PROP_REO_TASK_CMNT_TXT FROM SRC_SCHEMA.TX_REVIEWREDEMPTIONDISPOSITIONREDMANAGER_OWNERREDEMPTION_REDEMPTION TXRDMRR INNER JOIN SRC_SCHEMA.ODS_PROPERTY PROP ON TXRDMRR.PROPERTY_ID = PROP.PROPERTY_ID
UNION ALL SELECT TXRDSPR.PROPERTY_ID AS PROP_ID,PROP.LOAN_NUMBER AS FNM_LN_ID,PROP.REO_NUMBER AS REO_CASE_ID,REPLACE(REPLACE(TXT_COMMENTS, CHAR(13), ' '), CHAR(10), ' ') AS PROP_REO_TASK_CMNT_TXT FROM SRC_SCHEMA.TX_REVIEWREDEMPTIONDISPOSITIONSRREDSPECIALIST_OWNERREDEMPTION_REDEMPTION TXRDSPR INNER JOIN SRC_SCHEMA.ODS_PROPERTY PROP ON TXRDSPR.PROPERTY_ID = PROP.PROPERTY_ID 
UNION ALL SELECT TXRDDRR.PROPERTY_ID AS PROP_ID,PROP.LOAN_NUMBER AS FNM_LN_ID,PROP.REO_NUMBER AS REO_CASE_ID,REPLACE(REPLACE(TXT_COMMENTS, CHAR(13), ' '), CHAR(10), ' ') AS PROP_REO_TASK_CMNT_TXT FROM SRC_SCHEMA.TX_REVIEWREDEMPTIONDISPOSITIONREDDIRECTOR_OWNERREDEMPTION_REDEMPTION TXRDDRR INNER JOIN SRC_SCHEMA.ODS_PROPERTY PROP ON TXRDDRR.PROPERTY_ID = PROP.PROPERTY_ID
UNION ALL SELECT TXRDVPR.PROPERTY_ID AS PROP_ID,PROP.LOAN_NUMBER AS FNM_LN_ID,PROP.REO_NUMBER AS REO_CASE_ID,REPLACE(REPLACE(TXT_COMMENTS, CHAR(13), ' '), CHAR(10), ' ') AS PROP_REO_TASK_CMNT_TXT FROM SRC_SCHEMA.TX_REVIEWREDEMPTIONDISPOSITIONREDVP_OWNERREDEMPTION_REDEMPTION TXRDVPR INNER JOIN SRC_SCHEMA.ODS_PROPERTY PROP ON TXRDVPR.PROPERTY_ID = PROP.PROPERTY_ID
UNION ALL SELECT TXROR.PROPERTY_ID AS PROP_ID,PROP.LOAN_NUMBER AS FNM_LN_ID,PROP.REO_NUMBER AS REO_CASE_ID,REPLACE(REPLACE(TXT_COMMENTS, CHAR(13), ' '), CHAR(10), ' ') AS PROP_REO_TASK_CMNT_TXT FROM SRC_SCHEMA.TX_REDEMPTIONRECONCILED_OWNERREDEMPTION_REDEMPTION TXROR INNER JOIN SRC_SCHEMA.ODS_PROPERTY PROP ON TXROR.PROPERTY_ID = PROP.PROPERTY_ID
UNION ALL SELECT TXROE.PROPERTY_ID AS PROP_ID,PROP.LOAN_NUMBER AS FNM_LN_ID,PROP.REO_NUMBER AS REO_CASE_ID,REPLACE(REPLACE(TXT_COMMENTS, CHAR(13), ' '), CHAR(10), ' ') AS PROP_REO_TASK_CMNT_TXT FROM SRC_SCHEMA.TX_REPURCHASERECONCILIATION_OWNERREPURCHASE_EVICTION TXROE INNER JOIN SRC_SCHEMA.ODS_PROPERTY PROP ON TXROE.PROPERTY_ID = PROP.PROPERTY_ID) TEMP" />
 			
 			<table sourcename="TX_REPURCHASERECONCILIATION_OWNERREPURCHASE_EVICTION" targetname="PROP_REO_TASK_CMNTS" srcKey="Property_ID" trgKey="PROP_ID"
 					fromClause="FROM (SELECT TXRDMRR.PROPERTY_ID AS PROP_ID,PROP.LOAN_NUMBER AS FNM_LN_ID,PROP.REO_NUMBER AS REO_CASE_ID,REPLACE(REPLACE(TXT_COMMENTS, CHAR(13), ' '), CHAR(10), ' ') AS PROP_REO_TASK_CMNT_TXT FROM SRC_SCHEMA.TX_REVIEWREDEMPTIONDISPOSITIONREDMANAGER_OWNERREDEMPTION_REDEMPTION TXRDMRR INNER JOIN SRC_SCHEMA.ODS_PROPERTY PROP ON TXRDMRR.PROPERTY_ID = PROP.PROPERTY_ID
UNION ALL SELECT TXRDSPR.PROPERTY_ID AS PROP_ID,PROP.LOAN_NUMBER AS FNM_LN_ID,PROP.REO_NUMBER AS REO_CASE_ID,REPLACE(REPLACE(TXT_COMMENTS, CHAR(13), ' '), CHAR(10), ' ') AS PROP_REO_TASK_CMNT_TXT FROM SRC_SCHEMA.TX_REVIEWREDEMPTIONDISPOSITIONSRREDSPECIALIST_OWNERREDEMPTION_REDEMPTION TXRDSPR INNER JOIN SRC_SCHEMA.ODS_PROPERTY PROP ON TXRDSPR.PROPERTY_ID = PROP.PROPERTY_ID 
UNION ALL SELECT TXRDDRR.PROPERTY_ID AS PROP_ID,PROP.LOAN_NUMBER AS FNM_LN_ID,PROP.REO_NUMBER AS REO_CASE_ID,REPLACE(REPLACE(TXT_COMMENTS, CHAR(13), ' '), CHAR(10), ' ') AS PROP_REO_TASK_CMNT_TXT FROM SRC_SCHEMA.TX_REVIEWREDEMPTIONDISPOSITIONREDDIRECTOR_OWNERREDEMPTION_REDEMPTION TXRDDRR INNER JOIN SRC_SCHEMA.ODS_PROPERTY PROP ON TXRDDRR.PROPERTY_ID = PROP.PROPERTY_ID
UNION ALL SELECT TXRDVPR.PROPERTY_ID AS PROP_ID,PROP.LOAN_NUMBER AS FNM_LN_ID,PROP.REO_NUMBER AS REO_CASE_ID,REPLACE(REPLACE(TXT_COMMENTS, CHAR(13), ' '), CHAR(10), ' ') AS PROP_REO_TASK_CMNT_TXT FROM SRC_SCHEMA.TX_REVIEWREDEMPTIONDISPOSITIONREDVP_OWNERREDEMPTION_REDEMPTION TXRDVPR INNER JOIN SRC_SCHEMA.ODS_PROPERTY PROP ON TXRDVPR.PROPERTY_ID = PROP.PROPERTY_ID
UNION ALL SELECT TXROR.PROPERTY_ID AS PROP_ID,PROP.LOAN_NUMBER AS FNM_LN_ID,PROP.REO_NUMBER AS REO_CASE_ID,REPLACE(REPLACE(TXT_COMMENTS, CHAR(13), ' '), CHAR(10), ' ') AS PROP_REO_TASK_CMNT_TXT FROM SRC_SCHEMA.TX_REDEMPTIONRECONCILED_OWNERREDEMPTION_REDEMPTION TXROR INNER JOIN SRC_SCHEMA.ODS_PROPERTY PROP ON TXROR.PROPERTY_ID = PROP.PROPERTY_ID
UNION ALL SELECT TXROE.PROPERTY_ID AS PROP_ID,PROP.LOAN_NUMBER AS FNM_LN_ID,PROP.REO_NUMBER AS REO_CASE_ID,REPLACE(REPLACE(TXT_COMMENTS, CHAR(13), ' '), CHAR(10), ' ') AS PROP_REO_TASK_CMNT_TXT FROM SRC_SCHEMA.TX_REPURCHASERECONCILIATION_OWNERREPURCHASE_EVICTION TXROE INNER JOIN SRC_SCHEMA.ODS_PROPERTY PROP ON TXROE.PROPERTY_ID = PROP.PROPERTY_ID) TEMP" />

			<table sourcename="TX_REVIEWREDEMPTIONDISPOSITIONREDMANAGER_OWNERREDEMPTION_REDEMPTION,TX_REVIEWREDEMPTIONDISPOSITIONSRREDSPECIALIST_OWNERREDEMPTION_REDEMPTION,TX_REVIEWREDEMPTIONDISPOSITIONREDDIRECTOR_OWNERREDEMPTION_REDEMPTION,TX_REVIEWREDEMPTIONDISPOSITIONREDVP_OWNERREDEMPTION_REDEMPTION" targetname="PROP_REO_TASK_CMNTS" srcKey="Property_ID" trgKey="PROP_ID"
 					fromClause="FROM (SELECT TXRDMRR.PROPERTY_ID AS PROP_ID,PROP.LOAN_NUMBER AS FNM_LN_ID,PROP.REO_NUMBER AS REO_CASE_ID,REPLACE(REPLACE(TXT_COMMENTS, CHAR(13), ' '), CHAR(10), ' ') AS PROP_REO_TASK_CMNT_TXT FROM SRC_SCHEMA.TX_REVIEWREDEMPTIONDISPOSITIONREDMANAGER_OWNERREDEMPTION_REDEMPTION TXRDMRR INNER JOIN SRC_SCHEMA.ODS_PROPERTY PROP ON TXRDMRR.PROPERTY_ID = PROP.PROPERTY_ID
UNION ALL SELECT TXRDSPR.PROPERTY_ID AS PROP_ID,PROP.LOAN_NUMBER AS FNM_LN_ID,PROP.REO_NUMBER AS REO_CASE_ID,REPLACE(REPLACE(TXT_COMMENTS, CHAR(13), ' '), CHAR(10), ' ') AS PROP_REO_TASK_CMNT_TXT FROM SRC_SCHEMA.TX_REVIEWREDEMPTIONDISPOSITIONSRREDSPECIALIST_OWNERREDEMPTION_REDEMPTION TXRDSPR INNER JOIN SRC_SCHEMA.ODS_PROPERTY PROP ON TXRDSPR.PROPERTY_ID = PROP.PROPERTY_ID 
UNION ALL SELECT TXRDDRR.PROPERTY_ID AS PROP_ID,PROP.LOAN_NUMBER AS FNM_LN_ID,PROP.REO_NUMBER AS REO_CASE_ID,REPLACE(REPLACE(TXT_COMMENTS, CHAR(13), ' '), CHAR(10), ' ') AS PROP_REO_TASK_CMNT_TXT FROM SRC_SCHEMA.TX_REVIEWREDEMPTIONDISPOSITIONREDDIRECTOR_OWNERREDEMPTION_REDEMPTION TXRDDRR INNER JOIN SRC_SCHEMA.ODS_PROPERTY PROP ON TXRDDRR.PROPERTY_ID = PROP.PROPERTY_ID
UNION ALL SELECT TXRDVPR.PROPERTY_ID AS PROP_ID,PROP.LOAN_NUMBER AS FNM_LN_ID,PROP.REO_NUMBER AS REO_CASE_ID,REPLACE(REPLACE(TXT_COMMENTS, CHAR(13), ' '), CHAR(10), ' ') AS PROP_REO_TASK_CMNT_TXT FROM SRC_SCHEMA.TX_REVIEWREDEMPTIONDISPOSITIONREDVP_OWNERREDEMPTION_REDEMPTION TXRDVPR INNER JOIN SRC_SCHEMA.ODS_PROPERTY PROP ON TXRDVPR.PROPERTY_ID = PROP.PROPERTY_ID
UNION ALL SELECT TXROR.PROPERTY_ID AS PROP_ID,PROP.LOAN_NUMBER AS FNM_LN_ID,PROP.REO_NUMBER AS REO_CASE_ID,REPLACE(REPLACE(TXT_COMMENTS, CHAR(13), ' '), CHAR(10), ' ') AS PROP_REO_TASK_CMNT_TXT FROM SRC_SCHEMA.TX_REDEMPTIONRECONCILED_OWNERREDEMPTION_REDEMPTION TXROR INNER JOIN SRC_SCHEMA.ODS_PROPERTY PROP ON TXROR.PROPERTY_ID = PROP.PROPERTY_ID
UNION ALL SELECT TXROE.PROPERTY_ID AS PROP_ID,PROP.LOAN_NUMBER AS FNM_LN_ID,PROP.REO_NUMBER AS REO_CASE_ID,REPLACE(REPLACE(TXT_COMMENTS, CHAR(13), ' '), CHAR(10), ' ') AS PROP_REO_TASK_CMNT_TXT FROM SRC_SCHEMA.TX_REPURCHASERECONCILIATION_OWNERREPURCHASE_EVICTION TXROE INNER JOIN SRC_SCHEMA.ODS_PROPERTY PROP ON TXROE.PROPERTY_ID = PROP.PROPERTY_ID) TEMP" />

			<table sourcename="TX_REVIEWREDEMPTIONDISPOSITIONREDMANAGER_OWNERREDEMPTION_REDEMPTION,TX_REVIEWREDEMPTIONDISPOSITIONSRREDSPECIALIST_OWNERREDEMPTION_REDEMPTION,TX_REVIEWREDEMPTIONDISPOSITIONREDDIRECTOR_OWNERREDEMPTION_REDEMPTION,TX_REVIEWREDEMPTIONDISPOSITIONREDVP_OWNERREDEMPTION_REDEMPTION,TX_REDEMPTIONRECONCILED_OWNERREDEMPTION_REDEMPTION,TX_REPURCHASERECONCILIATION_OWNERREPURCHASE_EVICTION" targetname="PROP_REO_TASK_CMNTS" srcKey="Property_ID" trgKey="PROP_ID"
 					fromClause="FROM (SELECT TXRDMRR.PROPERTY_ID AS PROP_ID,PROP.LOAN_NUMBER AS FNM_LN_ID,PROP.REO_NUMBER AS REO_CASE_ID,REPLACE(REPLACE(TXT_COMMENTS, CHAR(13), ' '), CHAR(10), ' ') AS PROP_REO_TASK_CMNT_TXT FROM SRC_SCHEMA.TX_REVIEWREDEMPTIONDISPOSITIONREDMANAGER_OWNERREDEMPTION_REDEMPTION TXRDMRR INNER JOIN SRC_SCHEMA.ODS_PROPERTY PROP ON TXRDMRR.PROPERTY_ID = PROP.PROPERTY_ID
UNION ALL SELECT TXRDSPR.PROPERTY_ID AS PROP_ID,PROP.LOAN_NUMBER AS FNM_LN_ID,PROP.REO_NUMBER AS REO_CASE_ID,REPLACE(REPLACE(TXT_COMMENTS, CHAR(13), ' '), CHAR(10), ' ') AS PROP_REO_TASK_CMNT_TXT FROM SRC_SCHEMA.TX_REVIEWREDEMPTIONDISPOSITIONSRREDSPECIALIST_OWNERREDEMPTION_REDEMPTION TXRDSPR INNER JOIN SRC_SCHEMA.ODS_PROPERTY PROP ON TXRDSPR.PROPERTY_ID = PROP.PROPERTY_ID 
UNION ALL SELECT TXRDDRR.PROPERTY_ID AS PROP_ID,PROP.LOAN_NUMBER AS FNM_LN_ID,PROP.REO_NUMBER AS REO_CASE_ID,REPLACE(REPLACE(TXT_COMMENTS, CHAR(13), ' '), CHAR(10), ' ') AS PROP_REO_TASK_CMNT_TXT FROM SRC_SCHEMA.TX_REVIEWREDEMPTIONDISPOSITIONREDDIRECTOR_OWNERREDEMPTION_REDEMPTION TXRDDRR INNER JOIN SRC_SCHEMA.ODS_PROPERTY PROP ON TXRDDRR.PROPERTY_ID = PROP.PROPERTY_ID
UNION ALL SELECT TXRDVPR.PROPERTY_ID AS PROP_ID,PROP.LOAN_NUMBER AS FNM_LN_ID,PROP.REO_NUMBER AS REO_CASE_ID,REPLACE(REPLACE(TXT_COMMENTS, CHAR(13), ' '), CHAR(10), ' ') AS PROP_REO_TASK_CMNT_TXT FROM SRC_SCHEMA.TX_REVIEWREDEMPTIONDISPOSITIONREDVP_OWNERREDEMPTION_REDEMPTION TXRDVPR INNER JOIN SRC_SCHEMA.ODS_PROPERTY PROP ON TXRDVPR.PROPERTY_ID = PROP.PROPERTY_ID
UNION ALL SELECT TXROR.PROPERTY_ID AS PROP_ID,PROP.LOAN_NUMBER AS FNM_LN_ID,PROP.REO_NUMBER AS REO_CASE_ID,REPLACE(REPLACE(TXT_COMMENTS, CHAR(13), ' '), CHAR(10), ' ') AS PROP_REO_TASK_CMNT_TXT FROM SRC_SCHEMA.TX_REDEMPTIONRECONCILED_OWNERREDEMPTION_REDEMPTION TXROR INNER JOIN SRC_SCHEMA.ODS_PROPERTY PROP ON TXROR.PROPERTY_ID = PROP.PROPERTY_ID
UNION ALL SELECT TXROE.PROPERTY_ID AS PROP_ID,PROP.LOAN_NUMBER AS FNM_LN_ID,PROP.REO_NUMBER AS REO_CASE_ID,REPLACE(REPLACE(TXT_COMMENTS, CHAR(13), ' '), CHAR(10), ' ') AS PROP_REO_TASK_CMNT_TXT FROM SRC_SCHEMA.TX_REPURCHASERECONCILIATION_OWNERREPURCHASE_EVICTION TXROE INNER JOIN SRC_SCHEMA.ODS_PROPERTY PROP ON TXROE.PROPERTY_ID = PROP.PROPERTY_ID) TEMP" />

 			<table sourcename="ODS_PROPERTY" targetname="PROP_REO_TASK_CMNTS" srcKey="Loan_Number" trgKey="FNM_LN_ID"
 					fromClause="FROM (SELECT TXRDMRR.PROPERTY_ID AS PROP_ID,PROP.LOAN_NUMBER AS FNM_LN_ID,PROP.REO_NUMBER AS REO_CASE_ID,REPLACE(REPLACE(TXT_COMMENTS, CHAR(13), ' '), CHAR(10), ' ') AS PROP_REO_TASK_CMNT_TXT FROM SRC_SCHEMA.TX_REVIEWREDEMPTIONDISPOSITIONREDMANAGER_OWNERREDEMPTION_REDEMPTION TXRDMRR INNER JOIN SRC_SCHEMA.ODS_PROPERTY PROP ON TXRDMRR.PROPERTY_ID = PROP.PROPERTY_ID
UNION ALL SELECT TXRDSPR.PROPERTY_ID AS PROP_ID,PROP.LOAN_NUMBER AS FNM_LN_ID,PROP.REO_NUMBER AS REO_CASE_ID,REPLACE(REPLACE(TXT_COMMENTS, CHAR(13), ' '), CHAR(10), ' ') AS PROP_REO_TASK_CMNT_TXT FROM SRC_SCHEMA.TX_REVIEWREDEMPTIONDISPOSITIONSRREDSPECIALIST_OWNERREDEMPTION_REDEMPTION TXRDSPR INNER JOIN SRC_SCHEMA.ODS_PROPERTY PROP ON TXRDSPR.PROPERTY_ID = PROP.PROPERTY_ID 
UNION ALL SELECT TXRDDRR.PROPERTY_ID AS PROP_ID,PROP.LOAN_NUMBER AS FNM_LN_ID,PROP.REO_NUMBER AS REO_CASE_ID,REPLACE(REPLACE(TXT_COMMENTS, CHAR(13), ' '), CHAR(10), ' ') AS PROP_REO_TASK_CMNT_TXT FROM SRC_SCHEMA.TX_REVIEWREDEMPTIONDISPOSITIONREDDIRECTOR_OWNERREDEMPTION_REDEMPTION TXRDDRR INNER JOIN SRC_SCHEMA.ODS_PROPERTY PROP ON TXRDDRR.PROPERTY_ID = PROP.PROPERTY_ID
UNION ALL SELECT TXRDVPR.PROPERTY_ID AS PROP_ID,PROP.LOAN_NUMBER AS FNM_LN_ID,PROP.REO_NUMBER AS REO_CASE_ID,REPLACE(REPLACE(TXT_COMMENTS, CHAR(13), ' '), CHAR(10), ' ') AS PROP_REO_TASK_CMNT_TXT FROM SRC_SCHEMA.TX_REVIEWREDEMPTIONDISPOSITIONREDVP_OWNERREDEMPTION_REDEMPTION TXRDVPR INNER JOIN SRC_SCHEMA.ODS_PROPERTY PROP ON TXRDVPR.PROPERTY_ID = PROP.PROPERTY_ID
UNION ALL SELECT TXROR.PROPERTY_ID AS PROP_ID,PROP.LOAN_NUMBER AS FNM_LN_ID,PROP.REO_NUMBER AS REO_CASE_ID,REPLACE(REPLACE(TXT_COMMENTS, CHAR(13), ' '), CHAR(10), ' ') AS PROP_REO_TASK_CMNT_TXT FROM SRC_SCHEMA.TX_REDEMPTIONRECONCILED_OWNERREDEMPTION_REDEMPTION TXROR INNER JOIN SRC_SCHEMA.ODS_PROPERTY PROP ON TXROR.PROPERTY_ID = PROP.PROPERTY_ID
UNION ALL SELECT TXROE.PROPERTY_ID AS PROP_ID,PROP.LOAN_NUMBER AS FNM_LN_ID,PROP.REO_NUMBER AS REO_CASE_ID,REPLACE(REPLACE(TXT_COMMENTS, CHAR(13), ' '), CHAR(10), ' ') AS PROP_REO_TASK_CMNT_TXT FROM SRC_SCHEMA.TX_REPURCHASERECONCILIATION_OWNERREPURCHASE_EVICTION TXROE INNER JOIN SRC_SCHEMA.ODS_PROPERTY PROP ON TXROE.PROPERTY_ID = PROP.PROPERTY_ID) TEMP" />

		</tables>
	</source>
	
	<target> 
		<tables>
			<table tableId="BRWR_BNKR_INFO" oneToOneMapping="Y">
				<columns>
					<column columnName="BRWR_BNKR_FILD_DTTM" isRequiredOnSource="N" />
					<column columnName="BRWR_BNKR_CASE_ID" isRequiredOnSource="N" />
					<column columnName="BRWR_BNKR_CHP_TYP" isRequiredOnSource="N" />
					<column columnName="FNM_LN_ID" isRequiredOnSource="Y" />
				</columns>
			</table>
			<table tableId="FNM_ACTG_PRCD" oneToOneMapping="Y">
				<columns>
					<column columnName="FNM_LN_ID" isRequiredOnSource="Y" />
					<column columnName="TRAN_TYP" isRequiredOnSource="N" />
					<column columnName="TRAN_AMT" isRequiredOnSource="N" />
					<column columnName="FNM_ACTG_PRCDS_CATG_TYP" isRequiredOnSource="N" />
				</columns>
			</table>
			<table tableId="FNM_ACTG_RCVB" oneToOneMapping="N">
				<columns>
					<column columnName="FNM_ACTG_PRCDS_CATG_TYP" isRequiredOnSource="" />
					<column columnName="PRTY_VNDR_NME" isRequiredOnSource="" />
					<column columnName="FNM_ACTG_EXPD_TRAN_AMT" isRequiredOnSource="" />
					<column columnName="FNM_LN_ID" isRequiredOnSource="" />
					<column columnName="PROP_ID" isRequiredOnSource="" />
					<column columnName="FNM_ACTG_PRCDS_CATG_TYP" isRequiredOnSource="" />
				</columns>
			</table>
			<table tableId="FNM_REO_CASE" oneToOneMapping="N" childTables="LN_RCRS,FNM_REO_CASE_CHG_LOG" primaryKey="FNM_LN_ID" alternateKey="REO_CASE_ID">
				<columns>
					<column columnName="REO_CASE_STAT_DTTM" isRequiredOnSource="" />
					<column columnName="PROP_REO_DSPN_TYP" isRequiredOnSource="" />
					<column columnName="PROP_ID" isRequiredOnSource="" />
					<column columnName="REO_CASE_ID" isRequiredOnSource="" />
					<column columnName="FNM_LN_ID" isRequiredOnSource="" />
					<column columnName="CASE_STAT_TYP" isRequiredOnSource="" />
					<column columnName="PROP_REO_DSPN_DTTM" isRequiredOnSource="" />
				</columns>
			</table>
			<table tableId="GEO_LOCN_MAX_CLM_AMT_LKUP" oneToOneMapping="Y">
				<columns>
					<column columnName="GEO_LOCN_HUD_MAX_CLM_AMT" isRequiredOnSource="Y" />
					<column columnName="PROP_STDZ_ADR_ST_CD" isRequiredOnSource="Y" />
					<column columnName="PROP_STDZ_ADR_CITY_NME" isRequiredOnSource="Y" />
				</columns>
			</table>
			<table tableId="LN" oneToOneMapping="N" childTables="PROP_EXP_CLSFN_SMRY,PROP_EXP_CLM,PROP_PRSVN_EXP_PRE_APRVL,LN_SPCL_FEAT,LN_DLQY,FNM_ACTG_PRCD,FNM_ACTG_RCVB,LN_APPL" primaryKey="FNM_LN_ID" isCritical="Y">
				<columns>
					<column columnName="LN_DLQ_CUM_MTH_CNT" isRequiredOnSource="N" />
					<column columnName="BSE_LTV_RT" isRequiredOnSource="N" />
					<column columnName="LN_HECM_IND" isRequiredOnSource="N" />
					<!-- nullable in EDI -->
					<column columnName="LN_ACTL_UPB_AMT" isRequiredOnSource="Y" />
					<column columnName="LN_DLQY_RPTD_CUM_CNT" isRequiredOnSource="Y" />
					<column columnName="LN_FCL_MAX_CLM_AMT" isRequiredOnSource="N" />
					<column columnName="LN_REV_MTG_RCPT_DT" isRequiredOnSource="Y" />
					<column columnName="AGE_MTH_CNT" isRequiredOnSource="N" />
					<column columnName="LN_LPI_DT" isRequiredOnSource="N" />
					<column columnName="LN_ACTG_PURPS_TYP" isRequiredOnSource="Y" />
					<column columnName="LN_MI_CVRG_PCT_RT" isRequiredOnSource="N" />
					<!-- nullable in EDI -->
					<column columnName="LN_FCL_LOSS_RSK_TYP" isRequiredOnSource="Y" />
					<column columnName="LN_CE_TYP" isRequiredOnSource="N" />
					<column columnName="AQSN_DT" isRequiredOnSource="Y" />
					<column columnName="LN_MI_CVRG_TYP" isRequiredOnSource="N" />
					<!--  nullbale in EDI -->
					<column columnName="LN_ACTN_TYP" isRequiredOnSource="Y" />
					<!--  nullbale in EDI -->
					<column columnName="LN_GRTR_TYP" isRequiredOnSource="Y" />
					<column columnName="LN_MI_IND" isRequiredOnSource="N" />
					<column columnName="LN_ORIG_UPB_AMT" isRequiredOnSource="N" />
					<column columnName="LQDN_EVNT_ACTN_DT" isRequiredOnSource="N" />
					<column columnName="LN_FNL_ACVY_PRD_DT" isRequiredOnSource="N" />
					<column columnName="LN_LPI_DT" isRequiredOnSource="N" />
					<column columnName="PRTY_SELR_SRVR_NO" isRequiredOnSource="N" />
					<column columnName="REFI_TYP" isRequiredOnSource="N" />
					<column columnName="LN_CHRG_OFF_DT" isRequiredOnSource="N" />
					<column columnName="FNM_LN_ID" isRequiredOnSource="Y" />
					<column columnName="LN_MI_PLCY_CNCLN_DT" isRequiredOnSource="N" />
					<column columnName="LN_PRIM_RCRS_TYP" isRequiredOnSource="N" />
					<column columnName="LN_LQDN_DT" isRequiredOnSource="N" />
					<column columnName="LN_ORGNN_DT" isRequiredOnSource="" />
					<column columnName="PROP_OCPY_STAT_TYP" isRequiredOnSource="N" />
					<column columnName="AUTOD_UWRG_RCMN_TYP" isRequiredOnSource="N" />
					<!-- V8 -->
					<column columnName="LN_NON_PRFM_LN_IND" isRequiredOnSource="N" />
				</columns>
			</table>
			<table tableId="LN_APPL" oneToOneMapping="N">
				<columns>
					<column columnName="BRWR_CRDT_SCR_NO" isRequiredOnSource="Y" />
					<column columnName="BRWR_SELF_EMPT_IND" isRequiredOnSource="N" />
					<column columnName="FNM_LN_ID" isRequiredOnSource="Y" />
					<column columnName="BRWR_CNT" isRequiredOnSource="N" />
					<column columnName="TOT_LIAB_MTHY_PMT_AMT" isRequiredOnSource="N" />
					<column columnName="TOT_MTHY_INCM_AMT" isRequiredOnSource="N" />
				</columns>
			</table>
			<table tableId="LN_CHRG_OFF" oneToOneMapping="Y">
				<columns>
					<column columnName="FNM_LN_ID" isRequiredOnSource="Y" />
					<column columnName="LN_CHRG_OFF_AMT" isRequiredOnSource="Y" />
				</columns>
			</table>
			<table tableId="LN_CMNTS" oneToOneMapping="Y">
				<columns>
					<column columnName="FNM_LN_ID" isRequiredOnSource="Y" />
					<column columnName="LN_CMNT_TXT" isRequiredOnSource="N" />
				</columns>
			</table>
			<table tableId="LN_CMNTS_FILTR" oneToOneMapping="Y" primaryKey="FNM_LN_ID">
				<columns>
					<column columnName="LN_CMNT_FILTR_TYP" isRequiredOnSource="N" />
					<column columnName="FNM_LN_ID" isRequiredOnSource="Y" />
					<column columnName="LN_CMNT_FILTR_DATA_VAL" isRequiredOnSource="N" />
				</columns>
			</table>
			<table tableId="LN_DLQY" oneToOneMapping="Y">
				<columns>
					<column columnName="LN_DLQ_MTHS_CNT" isRequiredOnSource="N" />
					<column columnName="LN_LPI_DT" isRequiredOnSource="N" />
					<column columnName="LN_DLQY_ACTN_TYP" isRequiredOnSource="N" />
					<column columnName="LN_ACVY_RPTG_PRD_DT" isRequiredOnSource="N" />
					<column columnName="FNM_LN_ID" isRequiredOnSource="Y" />
				</columns>
			</table>
			<table tableId="LN_GL_DAILY_BAL" oneToOneMapping="Y">
				<columns>
					<column columnName="FNM_LN_ID" isRequiredOnSource="Y" />
					<column columnName="FNM_GN_LOSS_AMT" isRequiredOnSource="Y" />
				</columns>
			</table>
			<!-- Removed in V8
			<table tableId="LN_LMCASE_CMNT" oneToOneMapping="Y">
				<columns>
					<column columnName="FNM_LN_ID" isRequiredOnSource="" />
				</columns>
			</table>
			 -->
			<table tableId="LN_LMTGN_CASE" oneToOneMapping="N" primaryKey="FNM_LN_ID" childTables="LN_LMTGN_EVNT_CHG_HIST,LN_LMCASE_CMNT">
				<columns>
					<column columnName="LN_WRKOT_STAT_TYP" isRequiredOnSource="Y" />
					<column columnName="LN_LMTGN_CASE_UPB_AMT" isRequiredOnSource="N" />
					<column columnName="LN_LMTGN_CASE_ID" isRequiredOnSource="Y" />
					<column columnName="FNM_LN_ID" isRequiredOnSource="Y" />
					<column columnName="LN_LMTGN_WRKOT_TYP" isRequiredOnSource="N" />
					<column columnName="LN_WRKOT_STAT_DT" isRequiredOnSource="Y" />
					<column columnName="BRWR_LN_WRKOT_RLOC_ASTNCE_AMT" isRequiredOnSource="N" />
					<column columnName="PROP_CVYN_NGTD_LIEN_RLSE_AMT" isRequiredOnSource="N" />
				</columns>
			</table>
			<table tableId="LN_LMTGN_EVNT_CHG_HIST" oneToOneMapping="N">
				<columns>
					<column columnName="LN_LOSS_MTGN_EVNT_TYP" isRequiredOnSource="Y" />
					<column columnName="LN_LOSS_MTGN_EVNT_CHG_DTTM" isRequiredOnSource="Y" />
					<column columnName="LN_LOSS_MTGN_EVNT_DESC" isRequiredOnSource="N" />
					<column columnName="LN_LMTGN_CASE_ID" isRequiredOnSource="N" />
					<column columnName="FNM_LN_ID" isRequiredOnSource="Y" />
				</columns>
			</table>
			<table tableId="LN_RCRS" oneToOneMapping="N">
				<columns>
					<column columnName="LN_RCRS_STAT_DT" isRequiredOnSource="" />
					<column columnName="LN_RCRS_STAT_TYP" isRequiredOnSource="N" />
					<column columnName="LN_REV_MTG_ACTN_TYP" isRequiredOnSource="" />
					<column columnName="FNM_LN_ID" isRequiredOnSource="N" />
				</columns>
			</table>
			<table tableId="LN_REV_MTG_TRAN" oneToOneMapping="N">
				<columns>
					<column columnName="LN_REV_MTG_TRAN_EFF_DT" isRequiredOnSource="N" />
					<column columnName="LN_REV_MTG_ACTN_TYP" isRequiredOnSource="N" />
					<column columnName="FNM_LN_ID" isRequiredOnSource="Y" />
					
				</columns>
			</table>
			<table tableId="LN_REVW" oneToOneMapping="Y">
				<columns>
					<column columnName="FNM_LN_ID" isRequiredOnSource="Y" />
					<column columnName="LN_REVW_FNL_ACTN_TYP" isRequiredOnSource="N" />
				</columns>
			</table>
			<table tableId="LN_SPCL_FEAT" oneToOneMapping="Y">
				<columns>
					<column columnName="FNM_LN_ID" isRequiredOnSource="Y" />
					<column columnName="LN_SPCL_FEAT_CD" isRequiredOnSource="N" />
				</columns>
			</table>
			<table tableId="LN_WRKOT_SLE_INFO" oneToOneMapping="N">
				<columns>
					<column columnName="WRKOT_SLE_TSTLM_CHRG_AMT" isRequiredOnSource="N" />
					<column columnName="FNM_LN_ID" isRequiredOnSource="Y" />
					<column columnName="LMTGN_CASE_ID" isRequiredOnSource="Y" />
					<column columnName="LN_NET_SLE_PRCD_AMT" isRequiredOnSource="N" />
					<column columnName="WRKOT_SLE_PRC_AMT" isRequiredOnSource="N" />
					<column columnName="LN_LOSS_MTGN_CASE_OFR_TYP" isRequiredOnSource="N" />
				</columns>
			</table>
			<!-- <table tableId="PROP" oneToOneMapping="N" refTables="LN" refKey="FNM_LN_ID" primaryKey="PROP_ID"> -->
			<table tableId="PROP" oneToOneMapping="N" childTables="LN" primaryKey="FNM_LN_ID">
				<columns>
					<column columnName="PROJ_LGL_STRC_TYP" isRequiredOnSource="" />
					<column columnName="SRVR_HUD_CLM_PKG_SMSS_DT" isRequiredOnSource="N" />
					<column columnName="PROJ_DSI_TYP" isRequiredOnSource="N" />
					<column columnName="PROP_DWL_UNT_NO" isRequiredOnSource="N" />
					<column columnName="PROP_ID" isRequiredOnSource="Y" />
					<column columnName="FNCD_DWL_UNT_CT" isRequiredOnSource="N" />
					<column columnName="PROP_STDZ_ADR_ST_CD" isRequiredOnSource="N" />
					<column columnName="PROP_MKTL_TTL_ESTBD_DT" isRequiredOnSource="N" />
					<column columnName="SRVR_HUD_CLM_PKG_RCON_DT" isRequiredOnSource="N" />
					<column columnName="PROP_DWL_UNT_BDRM_CNT" isRequiredOnSource="N" />
					<column columnName="PROP_POOL_IND" isRequiredOnSource="N" />
					<column columnName="PROP_STDZ_ADR_PSTL_CD" isRequiredOnSource="Y" />
					<column columnName="PROP_LOT_SQR_FTG_NO" isRequiredOnSource="N" />
					<column columnName="PROP_STDZ_ADR_CNTY_CD" isRequiredOnSource="" />
					<column columnName="PROP_TOT_SQR_FTG_NO" isRequiredOnSource="N" />
					<column columnName="PROP_STDZ_ADR_CITY_NME" isRequiredOnSource="N" />
					<column columnName="STRC_BLT_YR_NO" isRequiredOnSource="N" />
					<column columnName="FNM_LN_ID" isRequiredOnSource="Y" />
					<column columnName="PROP_DWL_UNT_BHRM_CNT" isRequiredOnSource="N" />
					<column columnName="PROP_STDZ_ADR_LINE_TXT" isRequiredOnSource="Y" />
					<column columnName="PROP_STDZ_ADR_CNTY_NME" isRequiredOnSource="" />
					<column columnName="PROP_OCPY_STAT_TYP" isRequiredOnSource="N" />
					<column columnName="PROP_MKTL_TTL_EXPT_DT" isRequiredOnSource="N" />
					<column columnName="PROP_VACY_CNFD_DT" isRequiredOnSource="N" />
					<column columnName="PROP_MKTL_TTL_EXTSN_DT" isRequiredOnSource="N" />
					<column columnName="PROP_CNSUS_MSA_NO" isRequiredOnSource="" />
				</columns>
			</table>
			<table tableId="PROP_EXP_CLM" oneToOneMapping="N" childTables="PROP_EXP_CLM_LINE_ITM,PROP_EXP_CLM_EXCP,PROP_EXP_CLM_CMNTS_CHRNY,PROP_REO_EXP_LINE_ITM" primaryKey="PROP_EXP_CLM_ID" alternateKey="SRC_SYS_LKUP_OBJ_ID" isCritical="Y">
				<columns>
					<column columnName="PROP_VACY_DT" isRequiredOnSource="Y" />
					<column columnName="DSBT_ID" isRequiredOnSource="N" />
					<!-- NULL IN IHDS -->
					<column columnName="PROP_EXP_CLM_STAT_DTTM" isRequiredOnSource="Y" />
					<column columnName="LN_NON_PRFM_LN_SLE_DTTM" isRequiredOnSource="N" />
					<column columnName="SRVR_LN_NO" isRequiredOnSource="N" />
					<column columnName="PRTY_SMTR_NME" isRequiredOnSource="N" />
					<!-- NULL IN IHDS -->
					<column columnName="PRTY_SMTR_ID" isRequiredOnSource="Y" />
					<!-- NULLABLE IN IHDS -->
					<column columnName="PROP_EXP_CLM_RQSD_AMT" isRequiredOnSource="Y" />
					<column columnName="PROP_EXP_CLM_ORIG_SMSS_DTTM" isRequiredOnSource="N" />
					<!-- NULLABLE IN IHDS -->
					<column columnName="PROP_EXP_CLM_SMTD_DTTM" isRequiredOnSource="Y" />
					<column columnName="PROP_EXP_CLM_SRC_TYP" isRequiredOnSource="Y" />
					<column columnName="PROP_EXP_CLM_TYP" isRequiredOnSource="N" />
					<column columnName="PROP_EXP_CLM_CRED_DTTM" isRequiredOnSource="N" />
					<column columnName="PROP_EXP_CLM_RLTD_ID" isRequiredOnSource="N" />
					<column columnName="PROP_EXP_CLM_REVW_USR_ID" isRequiredOnSource="N" />
					<column columnName="FNM_LN_ID" isRequiredOnSource="N" />
					<column columnName="PROP_EXP_CLM_RSBM_CNT" isRequiredOnSource="N" />
					<column columnName="PROP_EXP_CLM_EXPD_PMT_AMT" isRequiredOnSource="N" />
					<column columnName="PROP_EXP_CLM_REVW_USR_NME" isRequiredOnSource="N" />
					<column columnName="PROP_EXP_CLM_ID" isRequiredOnSource="Y" />
					<column columnName="PRTY_VNDR_GRP_ID" isRequiredOnSource="N" />
					<column columnName="SRC_SYS_LKUP_OBJ_ID" isRequiredOnSource="N" />
					<!-- NULLABLE IN IHDS -->
					<column columnName="PROP_EXP_CLM_STAT_TYP" isRequiredOnSource="Y" />
					<!-- V8 -->
					<column columnName="LN_DTL_INFO_ID" isRequiredOnSource="N" /> 
					<column columnName="LN_TAG_TYP" isRequiredOnSource="N" /> 
					<column columnName="PRTY_SRC_SYS_SRVR_ID" isRequiredOnSource="N" /> 
				</columns>
			</table>
			<table tableId="PROP_EXP_CLM_CMNTS_CHRNY" oneToOneMapping="Y">
				<columns>
					<column columnName="PROP_EXP_CLM_STAT_TYP" isRequiredOnSource="N" />
					<column columnName="PROP_EXP_CLM_REVW_USR_NME" isRequiredOnSource="N" />
					<column columnName="PROP_EXP_CLM_CMNT_CRTD_DTTM" isRequiredOnSource="N" />
					<column columnName="PROP_EXP_CLM_ID" isRequiredOnSource="N" />
				</columns>
			</table>
			<table tableId="PROP_EXP_CLM_EXCP" oneToOneMapping="Y">
				<columns>
					<column columnName="PROP_EXP_APAY_OVRD_CMNT_TXT" isRequiredOnSource="N" />
					<column columnName="PROP_EXP_CLM_EXCP_CLRD_DTTM" isRequiredOnSource="N" />
					<column columnName="PROP_CLM_EXCP_STAT_TYP" isRequiredOnSource="N" />
					<column columnName="PROP_EXP_CLM_SRC_EXCP_CRED_TM" isRequiredOnSource="N" />
					<column columnName="PROP_EXP_CLM_EXCP_TYP" isRequiredOnSource="N" />
					<column columnName="PROP_EXP_CLM_ID" isRequiredOnSource="Y" />
					<column columnName="SRC_CLAIM_EXCP_INFO_ID" isRequiredOnSource="Y" />
					<column columnName="PROP_EXP_APAY_OVRD_RSN_TXT" isRequiredOnSource="N" />
					<column columnName="PROP_EXP_CLM_LINE_ITM_ID" isRequiredOnSource="N" />
				</columns>
			</table>
			<table tableId="PROP_EXP_CLM_LINE_ITM" oneToOneMapping="N" childTables="PROP_EXP_CLM_EXCP" primaryKey="PROP_EXP_CLM_LINE_ITM_ID" alternateKey="SRC_SYS_LKUP_OBJ_ID">
				<columns>
					<column columnName="PROP_EXP_LINE_ITM_SRVC_STRT_TM" isRequiredOnSource="N" />
					<column columnName="PROP_EXP_PRE_APRVL_ID" isRequiredOnSource="" />
					<column columnName="PROP_EXP_CLM_LNITM_EPMT_AMT" isRequiredOnSource="N" />
					<column columnName="PROP_SFHA_TYP" isRequiredOnSource="N" />
					<column columnName="PROP_EXP_SRVC_PERFORMED_NO" isRequiredOnSource="N" />
					<column columnName="PROP_EXP_SRVC_PERFORMED_AMT" isRequiredOnSource="N" />
					<column columnName="PROP_EXP_LINE_ITM_BCKT_ID" isRequiredOnSource="Y" />
					<column columnName="PROP_EXP_LNITM_SRVC_CNCLN_DTTM" isRequiredOnSource="N" />
					<column columnName="LN_ESCR_IND" isRequiredOnSource="N" />
					<column columnName="PROP_FCL_REFL_DT" isRequiredOnSource="N" />
					<column columnName="LN_MI_CVRG_AMT" isRequiredOnSource="N" />
					<column columnName="SRC_SYS_LKUP_OBJ_ID" isRequiredOnSource="N" />
					<!-- NULLABLE IN IHDR -->
					<column columnName="PROP_EXP_LINE_ITM_BCKT_NME" isRequiredOnSource="Y" />
					<column columnName="PROP_EXP_CLM_JDCL_IND" isRequiredOnSource="N" />
					<column columnName="BRWR_BNKR_FILD_DTTM" isRequiredOnSource="N" />
					<column columnName="PROP_EXP_CLM_LINE_ITM_ID" isRequiredOnSource="Y" />
					<column columnName="FILE_ATCHM_IND" isRequiredOnSource="N" />
					<column columnName="BRWR_NON_RCOVB_EXP_IND" isRequiredOnSource="" />
					<column columnName="PROP_EXP_LINE_ITM_CATG_NME" isRequiredOnSource="N" />
					<column columnName="BRWR_BNKR_CASE_ID" isRequiredOnSource="N" />
					<column columnName="PROP_EXP_LINE_ITM_SRVC_END_TM" isRequiredOnSource="N" />
					<column columnName="PROP_EXP_CLM_ID" isRequiredOnSource="Y" />
					<column columnName="PROP_EXP_LINE_ITM_SCAT_NME" isRequiredOnSource="N" />
					<column columnName="BRWR_BNKR_CHP_TYP" isRequiredOnSource="N" />
					<!-- NULL IN IHDS -->
					<column columnName="PROP_EXP_CLM_LINE_ITM_RQSD_AMT" isRequiredOnSource="Y" />
					<column columnName="LN_MI_PREM_SRC_TYP" isRequiredOnSource="N" />
					<!-- V8 -->
					<column columnName="PROP_EXP_EQTR_ROLE_TYP" isRequiredOnSource="N" />
					<column columnName="PROP_EXP_LNITM_SRVC_CNCLN_DTTM" isRequiredOnSource="N" />
					<column columnName="PROP_MSMT_NO" isRequiredOnSource="N" />
					<column columnName="PROP_EXP_LNITM_CRED_DTTM" isRequiredOnSource="N" />
				</columns>
			</table>
			<table tableId="PROP_EXP_CLM_PRE_APRVL" oneToOneMapping="N" primaryKey="PROP_EXP_PRE_APRVL_ID">
				<columns>
					<column columnName="EXP_CLM_PRE_APRVL_STAT_TYP" isRequiredOnSource="N" />
					<column columnName="PROP_EXP_LINE_ITM_CATG_NME" isRequiredOnSource="N" />
					<column columnName="PROP_EXP_CLM_PAPRVL_RQSD_AMT" isRequiredOnSource="" />
					<column columnName="PROP_EXP_LINE_ITM_SCAT_NME" isRequiredOnSource="N" />
					<column columnName="PROP_EXP_CLM_PRE_APRVL_STAT_DT" isRequiredOnSource="Y" />
					<column columnName="FNM_LN_ID" isRequiredOnSource="N" />
					<column columnName="PROP_EXP_CLM_PAPRVL_APRV_AMT" isRequiredOnSource="Y" />
					<column columnName="PROP_EXP_PRE_APRVL_ID" isRequiredOnSource="N" />
					<!-- V8 -->
					<column columnName="PROP_EXP_LINE_ITM_BCKT_NME" isRequiredOnSource="N" />
				</columns>
			</table>
			<table tableId="PROP_EXP_CLM_USR_GRP" oneToOneMapping="Y">
				<columns>
					<column columnName="PROP_EXP_CLM_REVW_USR_ID" isRequiredOnSource="N" />
					<column columnName="PROP_EXP_CLM_PCSG_GRP_NME" isRequiredOnSource="N" />
					<column columnName="PROP_EXP_CLM_PCSG_TYP" isRequiredOnSource="N" />
				</columns>
			</table>
			<table tableId="PROP_EXP_CLSFN_SMRY" oneToOneMapping="Y">
				<columns>
					<column columnName="FNM_LN_ID" isRequiredOnSource="N" />
				</columns>
			</table>
			<table tableId="PROP_PRSVN_EXP_PRE_APRVL" oneToOneMapping="N" primaryKey="PROP_PRSVN_EXP_LINE_ITM_ID" alternateKey="FNM_LN_ID">
				<columns>
					<column columnName="PROP_PRSVN_EXP_LINE_ITM_NME" isRequiredOnSource="N" />
					<column columnName="PROP_PRSVN_EXP_LINE_ITM_ID" isRequiredOnSource="Y" />
					<column columnName="PROP_PRSVN_EXP_RQST_ID" isRequiredOnSource="N" />
					<column columnName="PROP_PRSVN_EXP_BID_APRV_AMT" isRequiredOnSource="N" />
					<column columnName="PROP_PRSVN_EXP_BID_SMTD_DT" isRequiredOnSource="N" />
					<column columnName="PROP_PRSVN_EXP_BID_RSP_DT" isRequiredOnSource="N" />
					<column columnName="PROP_PRSVN_EXP_BID_RSP_TYP" isRequiredOnSource="N" />
					<column columnName="FNM_LN_ID" isRequiredOnSource="Y" />
				</columns>
			</table>
			<table tableId="PROP_PUR_ORD_DSBT" oneToOneMapping="N">
				<columns>
					<column columnName="PRTY_VNDR_ID" isRequiredOnSource="N" />
					<column columnName="FNM_LN_ID" isRequiredOnSource="N" />
					<column columnName="REO_CASE_ID" isRequiredOnSource="N" />
					<column columnName="PROP_REO_TOT_RPR_EXP_AMT" isRequiredOnSource="N" />
				</columns>
			</table>
			<table tableId="PROP_REO_CASE_UTM_ISS" oneToOneMapping="N">
				<columns>
					<column columnName="PROP_REO_UTM_ISS_TYP" isRequiredOnSource="N" />
					<column columnName="FNM_LN_ID" isRequiredOnSource="N" />
					<column columnName="PROP_ISS_OPN_DT" isRequiredOnSource="" />
					<column columnName="PROP_ISS_CLSD_DT" isRequiredOnSource="" />
					<column columnName="REO_CASE_ID" isRequiredOnSource="N" />
					<column columnName="PROP_REO_UTM_ISS_STAT_TYP" isRequiredOnSource="N" />
				</columns>
			</table>
			<table tableId="PROP_REO_EXP_LINE_ITM" oneToOneMapping="N">
				<columns>
					<column columnName="PROP_EXP_CLM_APRV_ROLE_NME" isRequiredOnSource="N" />
					<column columnName="PROP_EXP_CLM_LINE_ITM_APRV_AMT" isRequiredOnSource="N" />
					<column columnName="PROP_EXP_CLM_PYE_ROLE_NME" isRequiredOnSource="N" />
					<column columnName="PROP_EXP_CLM_LINE_ITM_RQSD_AMT" isRequiredOnSource="N" />
					<column columnName="PROP_EXP_CLM_ID" isRequiredOnSource="N" />
					<column columnName="LINE_ITM_ID" isRequiredOnSource="Y" />
					<column columnName="PROP_EXP_CLM_RLTD_ID" isRequiredOnSource="N" />
					<column columnName="PROP_EXP_CLM_PAID_ROLE_NME" isRequiredOnSource="N" />
					<column columnName="FNM_LN_ID" isRequiredOnSource="N" />
					<column columnName="PAID_AMT" isRequiredOnSource="N" />
					<column columnName="PROP_EXP_CLM_STAT_TYP" isRequiredOnSource="N" />
					<column columnName="PROP_EXP_LINE_ITM_TYP" isRequiredOnSource="N" />
					<column columnName="PRTY_PYE_NME" isRequiredOnSource="N" />
					<column columnName="PROP_REO_EXP_LINE_ITM_ID" isRequiredOnSource="N" />
					<column columnName="PROP_EXP_CLM_CRED_ROLE_NME" isRequiredOnSource="N" />
				</columns>
			</table>
			<table tableId="PROP_REO_TASK_CMNTS" oneToOneMapping="N">
				<columns>
					<column columnName="FNM_LN_ID" isRequiredOnSource="N" />
					<column columnName="REO_CASE_ID" isRequiredOnSource="N" />
					<column columnName="PROP_REO_TASK_CMNT_TXT" isRequiredOnSource="N" />
					<column columnName="PROP_ID" isRequiredOnSource="Y" />
				</columns>
			</table>
			<table tableId="PROP_VALU" oneToOneMapping="N">
				<columns>
					<column columnName="APPRD_VAL_AMT" isRequiredOnSource="Y" />
					<column columnName="FNM_LN_ID" isRequiredOnSource="Y" />
					<column columnName="PROP_VALU_MTHD_TYP" isRequiredOnSource="N" />
					<!-- Target gets data from npdc_mthy_valu.prop_appr_dsid_dt
                                               npdc_mthy_valu.prop_bpo_dsid_dt  -->
					
					<column columnName="PROP_VALU_DSID_DT" isRequiredOnSource="N" />
					<!-- Target gets data from  npdc_mthy_valu.prop_aiv_dsid_appr_amt
                                                npdc_mthy_valu.prop_aiv_dsid_bpo_amt	-->
					<column columnName="PROP_VALU_AS_IS_DSID_AMT" isRequiredOnSource="N" />
					<column columnName="PROP_FCL_AVM_GEND_DT" isRequiredOnSource="Y" />
					<column columnName="SRC_SYS_LKUP_OBJ_ID" isRequiredOnSource="N" />
					<column columnName="PROP_FCL_AVM_CURR_PDCTD_AMT" isRequiredOnSource="N" />
				</columns>
			</table>
			<table tableId="PRTY_SELR_SRVR_REF" oneToOneMapping="Y">
				<columns>
					<column columnName="PRTY_LNDR_MKTG_ID" isRequiredOnSource="N" />
					<column columnName="PRTY_SELR_SRVR_NME" isRequiredOnSource="N" />
					<column columnName="PRTY_LNDR_MKTG_NME" isRequiredOnSource="N" />
					<column columnName="PRTY_SELR_SRVR_NO" isRequiredOnSource="Y" />
					<column columnName="PRTY_SELR_SRVR_FST_FIVE_NO" isRequiredOnSource="Y" />
				</columns>
			</table>
			<table tableId="PRTY_VNDR_GRP" oneToOneMapping="Y">
				<columns>
					<column columnName="PRTY_VNDR_GRP_ID" isRequiredOnSource="Y" />
					<column columnName="SRC_ACTV_IND" isRequiredOnSource="N" />
					<column columnName="PRTY_VNDR_GRP_DESC" isRequiredOnSource="" />
				</columns>
			</table>
			<table tableId="PRTY_VNDR_INFO" oneToOneMapping="N" primaryKey="PRTY_VNDR_ID">
				<columns>
					<column columnName="PRTY_VNDR_ID" isRequiredOnSource="Y" />
					<column columnName="SRC_ACTV_IND" isRequiredOnSource="N" />
					<column columnName="PRTY_VNDR_GRP_ID" isRequiredOnSource="Y" />
					<column columnName="PRTY_VNDR_NME" isRequiredOnSource="Y" />
					<column columnName="PRTY_VNDR_TYP" isRequiredOnSource="Y" />
					<column columnName="SRC_CLM_VNDR_ID" isRequiredOnSource="Y" />
				</columns>
			</table>
		</tables>
	</target>
	<trgdupcheck>
		<table tableName="LOAN" primaryKey="FNM_LN_ID"/>
		<table tableName="PROP" primaryKey="PROP_ID"/>
		<table tableName="PROP_VALUE" primaryKey=""/>
		<table tableName="PROP_DRVD_VALUE" primaryKey=""/>
		<table tableName="PROP_EXP_CLM" primaryKey="PROP_EXP_CLM_ID"/>
		<table tableName="PROP_EXP_CLM_LINE_ITM" primaryKey="PROP_EXP_CLM_LINE_ITM_ID"/>
		<table tableName="PRTY_VNDR_INFO" primaryKey="prty_vndr_id"/>
	</trgdupcheck>
	<adhoc>
		<query selectQuery="SELECT COUNT(*) FROM SRC_SCHEMA.LN_CMNTS_FILTR" schemaPrefix="target" resultType="java.lang.Integer"/>
		<query selectQuery="SELECT COUNT(*) FROM (SELECT COUNT(FNM_LN_ID) FROM SRC_SCHEMA.LN GROUP BY FNM_LN_ID HAVING COUNT(FNM_LN_ID) > 1) DUPS" schemaPrefix="target" resultType="java.lang.Integer"/>
	</adhoc>
</sources>
