<?xml version="1.0" encoding="UTF-8"?>
<project xmlns="http://maven.apache.org/POM/4.0.0" xmlns:xsi="http://www.w3.org/2001/XMLSchema-instance" xsi:schemaLocation="http://maven.apache.org/POM/4.0.0 http://maven.apache.org/maven-v4_0_0.xsd">
  <modelVersion>4.0.0</modelVersion>
  <groupId>com.fanniemae.razor</groupId>
  <artifactId>razor-test-automation</artifactId>
  <version>0.0.1-SNAPSHOT</version>
  <build>
    <resources>
      <resource>
        <directory>src/main/resources</directory>
      </resource>
      <resource>
        <directory>src/test/resources</directory>
      </resource>
    </resources>
    <plugins>
      <plugin>
        <artifactId>maven-compiler-plugin</artifactId>
        <version>3.6.0</version>
        <configuration>
          <source>1.8</source>
          <target>1.8</target>
          <encoding>UTF-8</encoding>
          <useIncrementalCompilation>false</useIncrementalCompilation>
          <forceJavacCompilerUse>true</forceJavacCompilerUse>
        </configuration>
      </plugin>
      <plugin>
        <artifactId>maven-shade-plugin</artifactId>
        <version>3.0.0</version>
        <executions>
          <execution>
            <phase>package</phase>
            <goals>
              <goal>shade</goal>
            </goals>
            <configuration>
              <artifactSet />
              <filters>
                <filter>
                  <artifact>*:*</artifact>
                  <excludes>
                    <exclude>META-INF/*.SF</exclude>
                    <exclude>META-INF/*.DSA</exclude>
                    <exclude>META-INF/*.RSA</exclude>
                  </excludes>
                </filter>
              </filters>
            </configuration>
          </execution>
        </executions>
      </plugin>
      <plugin>
        <artifactId>maven-surefire-plugin</artifactId>
        <version>2.19</version>
        <dependencies>
          <dependency>
            <groupId>org.apache.maven.surefire</groupId>
            <artifactId>surefire-junit47</artifactId>
            <version>2.19.1</version>
          </dependency>
        </dependencies>
        <configuration>
          <skip>false</skip>
          <forkCount>${surefire.fork.count}</forkCount>
          <reuseForks>false</reuseForks>
          <argLine>-Xms128m -Xmx1024m</argLine>
          <includes>
            <include>**/*Runner.java</include>
          </includes>
          <excludes>
            <exclude>**/_*ReRunner.java</exclude>
          </excludes>
        </configuration>
      </plugin>
    </plugins>
  </build>
  <repositories>
    <repository>
      <snapshots>
        <enabled>false</enabled>
      </snapshots>
      <id>central</id>
      <name>Central Repository</name>
      <url>${distributionManagement.public.repository.url}</url>
    </repository>
    <repository>
      <id>project.local</id>
      <name>project</name>
      <url>file:${project.basedir}/lib</url>
    </repository>
  </repositories>
  <pluginRepositories>
    <pluginRepository>
      <releases>
        <updatePolicy>never</updatePolicy>
      </releases>
      <snapshots>
        <enabled>false</enabled>
      </snapshots>
      <id>central</id>
      <name>Central Repository</name>
      <url>${distributionManagement.public.repository.url}</url>
    </pluginRepository>
  </pluginRepositories>
  <reporting>
    <plugins>
      <plugin>
        <artifactId>maven-pmd-plugin</artifactId>
        <version>3.8</version>
        <configuration>
          <linkXref>true</linkXref>
          <sourceEncoding>utf-8</sourceEncoding>
          <minimumTokens>100</minimumTokens>
          <targetJdk>1.8</targetJdk>
          <excludes>
            <exclude>**/*Runner.java</exclude>
          </excludes>
          <excludeRoots>
            <excludeRoot>target/</excludeRoot>
          </excludeRoots>
        </configuration>
      </plugin>
    </plugins>
  </reporting>
  <dependencyManagement>
    <dependencies>
      <dependency>
        <groupId>com.amazonaws</groupId>
        <artifactId>aws-java-sdk-bom</artifactId>
        <version>1.11.167</version>
        <type>pom</type>
        <scope>import</scope>
      </dependency>
    </dependencies>
  </dependencyManagement>
  <distributionManagement>
    <repository>
      <id>nexus.releases</id>
      <url>${distributionManagement.releases.repository.url}</url>
    </repository>
    <snapshotRepository>
      <id>nexus.snapshots</id>
      <url>${distributionManagement.snapshot.repository.url}</url>
    </snapshotRepository>
  </distributionManagement>
  <properties>
    <distributionManagement.releases.repository.url>http://plsysadm-ap59:8081/nexus/content/repositories/releases/</distributionManagement.releases.repository.url>
    <cucumber.version>1.2.5</cucumber.version>
    <distributionManagement.snapshot.repository.url>http://plsysadm-ap59:8081/nexus/content/repositories/snapshots/</distributionManagement.snapshot.repository.url>
    <surefire.fork.count>1</surefire.fork.count>
    <spring.version>4.3.9.RELEASE</spring.version>
    <project.build.sourceEncoding>UTF-8</project.build.sourceEncoding>
    <razor.common.version>1.2.56</razor.common.version>
  </properties>
</project>

